,total_rainfall,mean_temperature,minimum_temperature,minimum_temperature_mean,maximum_temperature,maximum_temperature_mean,mean_wind_speed,max_wind_speed,max_wind_speed_mean,dengue_cases,interest,inbound,outbound,year,week,cumulative_total_rainfall,cumulative_dengue_cases
2012-W01,106.8,26.7625,22.2,24.4625,31.4,31.4,11.4875,37.1,34.2375,74,8,239701,115076,2012,1,106.8,74
2012-W02,25.8,26.228571428571428,22.1,23.82857142857143,32.3,32.3,7.814285714285715,64.8,34.214285714285715,66,8,239701,115076,2012,2,132.6,140
2012-W03,28.0,26.914285714285715,22.9,24.471428571428568,32.5,32.5,7.357142857142857,33.8,28.04285714285714,61,6,239701,115076,2012,3,160.6,201
2012-W04,8.600000000000001,26.599999999999998,23.5,24.400000000000002,31.6,31.6,8.585714285714285,34.6,30.857142857142858,52,10,239701,115076,2012,4,169.2,253
2012-W05,55.7,26.485714285714288,21.5,23.942857142857143,31.6,31.6,10.542857142857143,40.3,33.17142857142857,85,7,239701,115076,2012,5,224.89999999999998,338
2012-W06,1.6,27.5,24.4,24.814285714285713,32.3,32.3,11.9,40.7,34.4,87,5,283638,132094,2012,6,226.49999999999997,425
2012-W07,38.2,26.67142857142857,22.7,23.97142857142857,31.9,31.9,7.914285714285714,42.1,30.942857142857143,65,6,283638,132094,2012,7,264.7,490
2012-W08,3.2,27.7,24.8,25.47142857142857,32.6,32.6,9.814285714285715,36.4,29.47142857142857,51,9,283638,132094,2012,8,267.9,541
2012-W09,26.4,27.142857142857142,23.8,24.97142857142857,33.2,33.2,7.542857142857143,53.3,33.81428571428571,55,6,283638,132094,2012,9,294.29999999999995,596
2012-W10,52.6,26.928571428571427,21.1,24.12857142857143,31.5,31.5,6.442857142857143,41.4,31.985714285714288,46,5,310783,171836,2012,10,346.9,642
2012-W11,125.4,26.642857142857142,22.7,24.314285714285713,32.1,32.1,8.385714285714286,36.7,31.371428571428574,64,5,310783,171836,2012,11,472.29999999999995,706
2012-W12,7.0,27.514285714285712,24.6,25.12857142857143,32.4,32.4,6.3,45.7,30.27142857142857,73,7,310783,171836,2012,12,479.29999999999995,779
2012-W13,127.0,27.17142857142857,22.9,24.142857142857142,32.8,32.8,6.6000000000000005,56.9,36.75714285714286,48,9,310783,171836,2012,13,606.3,827
2012-W14,30.799999999999997,27.228571428571428,21.9,24.142857142857142,31.7,31.7,6.571428571428571,50.0,35.01428571428571,52,8,240391,123682,2012,14,637.0999999999999,879
2012-W15,154.4,27.2,23.3,24.271428571428572,31.9,31.9,6.5,39.2,30.32857142857143,82,6,240391,123682,2012,15,791.4999999999999,961
2012-W16,45.4,27.542857142857144,23.9,24.942857142857143,32.7,32.7,6.071428571428571,39.2,29.928571428571427,77,5,240391,123682,2012,16,836.8999999999999,1038
2012-W17,2.5999999999999996,28.385714285714283,24.0,25.62857142857143,32.9,32.9,6.414285714285714,38.2,31.385714285714283,64,8,240391,123682,2012,17,839.4999999999999,1102
2012-W18,118.8,27.67142857142857,22.0,24.085714285714285,32.5,32.5,5.871428571428572,53.6,36.0,88,6,240391,123682,2012,18,958.2999999999998,1190
2012-W19,48.4,27.82857142857143,22.6,24.314285714285713,33.7,33.7,6.457142857142857,46.4,33.628571428571426,97,7,286612,168099,2012,19,1006.6999999999998,1287
2012-W20,52.4,28.685714285714287,22.9,25.057142857142857,33.7,33.7,6.871428571428572,43.9,33.72857142857143,80,8,286612,168099,2012,20,1059.1,1367
2012-W21,40.2,28.342857142857145,22.8,25.157142857142855,32.1,32.1,8.271428571428572,44.6,31.114285714285717,80,6,286612,168099,2012,21,1099.3,1447
2012-W22,34.8,28.17142857142857,24.3,25.599999999999998,32.3,32.3,7.014285714285714,37.1,29.885714285714283,81,5,286612,168099,2012,22,1134.1,1528
2012-W23,41.800000000000004,28.52857142857143,22.8,25.785714285714285,32.7,32.7,6.742857142857143,41.4,31.557142857142857,100,8,289435,196254,2012,23,1175.8999999999999,1628
2012-W24,0.0,29.24285714285714,26.8,27.24285714285714,32.5,32.5,10.742857142857144,36.4,31.014285714285712,88,8,289435,196254,2012,24,1175.8999999999999,1716
2012-W25,1.0,28.842857142857145,25.5,26.685714285714287,32.6,32.6,10.385714285714286,38.2,34.0,129,8,289435,196254,2012,25,1176.8999999999999,1845
2012-W26,13.6,28.514285714285712,24.9,26.057142857142857,32.5,32.5,9.685714285714285,49.7,36.51428571428572,151,8,289435,196254,2012,26,1190.4999999999998,1996
2012-W27,63.8,27.25714285714286,22.9,24.328571428571426,31.6,31.6,7.8,45.7,35.58571428571429,140,9,256722,113464,2012,27,1254.2999999999997,2136
2012-W28,34.8,27.385714285714283,24.3,25.314285714285713,31.0,31.0,8.457142857142857,43.2,32.971428571428575,132,13,256722,113464,2012,28,1289.0999999999997,2268
2012-W29,28.400000000000002,27.385714285714283,23.8,25.142857142857142,31.5,31.5,7.3428571428571425,34.6,29.571428571428573,125,7,256722,113464,2012,29,1317.4999999999998,2393
2012-W30,0.0,28.542857142857144,25.4,26.17142857142857,32.1,32.1,12.014285714285714,45.4,37.08571428571429,110,9,256722,113464,2012,30,1317.4999999999998,2503
2012-W31,23.799999999999997,28.214285714285715,23.1,25.74285714285714,31.5,31.5,12.314285714285715,36.7,35.31428571428571,94,5,256722,113464,2012,31,1341.2999999999997,2597
2012-W32,0.0,28.414285714285715,24.8,26.02857142857143,32.3,32.3,12.785714285714286,41.4,36.25714285714286,127,11,328401,143315,2012,32,1341.2999999999997,2724
2012-W33,30.8,28.3,23.5,25.37142857142857,32.7,32.7,12.842857142857143,45.4,40.528571428571425,115,11,328401,143315,2012,33,1372.0999999999997,2839
2012-W34,31.2,28.04285714285714,24.4,25.62857142857143,32.1,32.1,10.385714285714286,52.9,40.142857142857146,92,4,328401,143315,2012,34,1403.2999999999997,2931
2012-W35,33.4,27.285714285714285,23.4,25.057142857142857,32.1,32.1,9.328571428571427,44.3,37.34285714285714,102,7,328401,143315,2012,35,1436.6999999999998,3033
2012-W36,66.8,27.271428571428572,22.5,24.385714285714283,32.0,32.0,9.228571428571428,79.6,39.18571428571429,76,7,262837,153769,2012,36,1503.4999999999998,3109
2012-W37,1.8,27.985714285714288,24.8,25.785714285714285,31.5,31.5,7.585714285714286,37.1,29.728571428571428,74,7,262837,153769,2012,37,1505.2999999999997,3183
2012-W38,0.0,28.37142857142857,25.5,26.114285714285717,32.6,32.6,7.785714285714286,41.8,31.02857142857143,72,7,262837,153769,2012,38,1505.2999999999997,3255
2012-W39,39.0,27.814285714285713,22.9,24.385714285714283,32.7,32.7,7.357142857142857,52.6,33.114285714285714,100,6,262837,153769,2012,39,1544.2999999999997,3355
2012-W40,17.4,28.157142857142855,25.0,25.728571428571428,32.8,32.8,6.514285714285714,33.8,30.02857142857143,104,9,238516,132027,2012,40,1561.6999999999998,3459
2012-W41,40.0,27.685714285714287,23.5,24.9,32.6,32.6,5.985714285714286,49.0,30.485714285714284,123,6,238516,132027,2012,41,1601.6999999999998,3582
2012-W42,56.2,26.657142857142855,23.7,24.47142857142857,32.4,32.4,5.457142857142857,41.4,29.914285714285715,105,7,238516,132027,2012,42,1657.8999999999999,3687
2012-W43,0.0,28.542857142857144,24.6,25.728571428571428,33.1,33.1,8.128571428571428,38.5,27.0,84,6,238516,132027,2012,43,1657.8999999999999,3771
2012-W44,37.0,27.0,23.7,24.642857142857142,32.8,32.8,6.485714285714286,37.4,32.48571428571429,104,9,238516,132027,2012,44,1694.8999999999999,3875
2012-W45,27.8,27.185714285714287,23.5,24.957142857142856,32.0,32.0,5.714285714285714,30.2,26.17142857142857,100,8,303020,198808,2012,45,1722.6999999999998,3975
2012-W46,42.0,27.114285714285717,24.0,24.985714285714288,32.6,32.6,5.757142857142857,39.6,28.75714285714286,88,9,303020,198808,2012,46,1764.6999999999998,4063
2012-W47,103.20000000000002,27.071428571428573,23.4,24.328571428571426,32.7,32.7,5.914285714285714,46.8,32.4,100,5,303020,198808,2012,47,1867.8999999999999,4163
2012-W48,8.2,27.428571428571427,24.3,25.085714285714285,32.2,32.2,5.642857142857143,29.2,24.385714285714283,80,8,303020,198808,2012,48,1876.1,4243
2012-W49,69.8,27.12857142857143,22.7,24.685714285714287,32.2,32.2,7.014285714285714,38.9,30.3,78,6,340134,242467,2012,49,1945.8999999999999,4321
2012-W50,138.4,26.342857142857145,22.3,23.82857142857143,31.9,31.9,6.1,34.9,31.74285714285714,105,5,340134,242467,2012,50,2084.2999999999997,4426
2012-W51,64.8,26.614285714285717,23.3,24.099999999999998,31.6,31.6,6.257142857142857,32.0,28.928571428571427,94,7,340134,242467,2012,51,2149.1,4520
2012-W52,10.2,26.728571428571428,24.1,24.957142857142856,31.3,31.3,6.742857142857143,29.5,26.52857142857143,112,5,340134,242467,2012,52,2159.2999999999997,4632
2013-W01,28.6,26.9625,23.1,24.525,32.5,32.5,7.7375,33.8,30.1,134,10,322930,133638,2013,1,28.6,134
2013-W02,93.80000000000001,27.285714285714285,21.6,24.157142857142855,35.2,35.2,7.757142857142857,56.2,36.58571428571429,205,10,322930,133638,2013,2,122.4,339
2013-W03,148.0,26.414285714285715,22.6,24.728571428571428,32.0,32.0,7.771428571428571,35.6,21.542857142857144,219,13,322930,133638,2013,3,270.4,558
2013-W04,7.3999999999999995,26.985714285714288,23.7,24.542857142857144,31.1,31.1,10.914285714285715,33.8,31.67142857142857,267,11,322930,133638,2013,4,277.79999999999995,825
2013-W05,41.8,27.557142857142857,24.7,25.285714285714285,32.1,32.1,12.585714285714285,39.6,35.27142857142857,293,16,305341,146717,2013,5,319.59999999999997,1118
2013-W06,71.0,26.2,21.5,23.82857142857143,31.3,31.3,6.928571428571429,35.3,27.714285714285715,322,14,305341,146717,2013,6,390.59999999999997,1440
2013-W07,156.8,25.685714285714287,22.6,23.814285714285713,30.7,30.7,7.185714285714285,33.5,29.428571428571427,247,12,305341,146717,2013,7,547.4,1687
2013-W08,19.4,27.02857142857143,24.5,24.728571428571428,32.5,32.5,7.8,31.0,26.857142857142858,296,15,305341,146717,2013,8,566.8,1983
2013-W09,128.8,27.47142857142857,23.0,24.900000000000002,32.9,32.9,8.428571428571429,50.4,32.81428571428571,249,16,342223,184291,2013,9,695.5999999999999,2232
2013-W10,4.4,27.900000000000002,24.4,25.47142857142857,32.1,32.1,11.042857142857143,39.6,32.51428571428571,273,13,342223,184291,2013,10,699.9999999999999,2505
2013-W11,11.8,28.12857142857143,24.3,25.2,33.5,33.5,9.5,32.4,30.8,308,8,342223,184291,2013,11,711.7999999999998,2813
2013-W12,29.6,28.571428571428573,25.5,26.085714285714285,33.4,33.4,9.657142857142857,43.9,32.91428571428572,307,15,342223,184291,2013,12,741.3999999999999,3120
2013-W13,17.4,28.642857142857142,23.9,25.82857142857143,33.8,33.8,6.614285714285714,35.6,30.642857142857142,316,19,254849,121123,2013,13,758.7999999999998,3436
2013-W14,77.60000000000001,28.32857142857143,23.4,25.557142857142857,34.0,34.0,6.557142857142857,57.2,36.1,406,35,254849,121123,2013,14,836.3999999999999,3842
2013-W15,17.2,28.057142857142857,22.1,25.428571428571427,33.6,33.6,6.242857142857143,50.0,30.7,492,33,254849,121123,2013,15,853.5999999999999,4334
2013-W16,30.2,28.514285714285712,23.4,25.25714285714286,34.9,34.9,6.628571428571428,41.0,31.3,509,29,254849,121123,2013,16,883.8,4843
2013-W17,34.400000000000006,27.8,24.0,25.071428571428573,33.4,33.4,5.614285714285714,75.2,34.142857142857146,538,40,254849,121123,2013,17,918.1999999999999,5381
2013-W18,9.0,28.457142857142856,24.7,25.928571428571427,33.1,33.1,7.357142857142857,37.4,34.142857142857146,547,33,322070,174302,2013,18,927.1999999999999,5928
2013-W19,93.8,27.957142857142856,23.5,25.7,33.6,33.6,6.642857142857143,43.2,33.42857142857143,558,29,322070,174302,2013,19,1020.9999999999999,6486
2013-W20,48.0,28.74285714285714,22.9,25.814285714285713,33.9,33.9,7.0,44.3,29.842857142857145,611,29,322070,174302,2013,20,1069.0,7097
2013-W21,31.0,28.228571428571428,23.9,25.557142857142857,33.4,33.4,5.542857142857143,45.7,28.74285714285714,640,60,322070,174302,2013,21,1100.0,7737
2013-W22,52.0,27.67142857142857,22.6,24.67142857142857,33.1,33.1,5.928571428571429,33.5,26.914285714285715,746,53,322238,217664,2013,22,1152.0,8483
2013-W23,59.4,27.814285714285713,22.9,24.642857142857142,33.7,33.7,6.2,35.6,29.599999999999998,814,100,322238,217664,2013,23,1211.4,9297
2013-W24,20.0,29.642857142857142,24.9,26.557142857142857,33.6,33.6,6.328571428571428,44.3,33.885714285714286,809,76,322238,217664,2013,24,1231.4,10106
2013-W25,0.0,30.02857142857143,25.9,26.928571428571427,34.5,34.5,6.3428571428571425,37.4,29.87142857142857,842,47,322238,217664,2013,25,1231.4,10948
2013-W26,9.6,28.714285714285715,23.0,25.842857142857145,33.7,33.7,6.328571428571428,41.0,29.857142857142858,806,47,283931,117464,2013,26,1241.0,11754
2013-W27,4.800000000000001,28.085714285714285,24.4,25.614285714285717,32.4,32.4,7.1000000000000005,38.2,29.514285714285712,678,32,283931,117464,2013,27,1245.8,12432
2013-W28,48.4,27.485714285714288,23.4,24.82857142857143,32.4,32.4,6.271428571428571,37.1,30.02857142857143,541,31,283931,117464,2013,28,1294.2,12973
2013-W29,45.8,27.614285714285717,23.7,25.25714285714286,33.5,33.5,6.857142857142857,35.6,30.12857142857143,390,24,283931,117464,2013,29,1340.0,13363
2013-W30,57.0,27.885714285714283,22.9,25.157142857142855,33.2,33.2,7.871428571428572,40.0,32.471428571428575,306,23,283931,117464,2013,30,1397.0,13669
2013-W31,26.799999999999997,27.771428571428572,22.0,24.914285714285715,31.8,31.8,8.1,40.0,34.871428571428574,289,16,370880,159929,2013,31,1423.8,13958
2013-W32,116.4,27.357142857142858,21.6,24.02857142857143,31.3,31.3,7.6571428571428575,41.8,32.957142857142856,256,24,370880,159929,2013,32,1540.2,14214
2013-W33,19.8,27.8,21.7,24.942857142857143,31.5,31.5,8.742857142857144,41.4,31.685714285714287,378,21,370880,159929,2013,33,1560.0,14592
2013-W34,10.6,28.37142857142857,23.9,25.957142857142856,32.0,32.0,10.614285714285714,47.2,36.4,341,21,370880,159929,2013,34,1570.6,14933
2013-W35,11.0,28.085714285714285,24.6,25.842857142857145,32.8,32.8,9.985714285714286,42.1,33.44285714285714,386,15,235228,139402,2013,35,1581.6,15319
2013-W36,106.39999999999999,26.400000000000002,21.9,23.37142857142857,32.0,32.0,5.5,46.1,32.1,452,20,235228,139402,2013,36,1688.0,15771
2013-W37,39.800000000000004,27.24285714285714,23.3,24.82857142857143,32.0,32.0,7.785714285714286,40.3,33.67142857142857,339,20,235228,139402,2013,37,1727.8,16110
2013-W38,21.4,28.47142857142857,22.8,25.900000000000002,32.2,32.2,8.8,38.2,32.357142857142854,376,15,235228,139402,2013,38,1749.2,16486
2013-W39,88.6,28.071428571428573,21.9,25.014285714285712,32.9,32.9,7.728571428571429,51.1,36.25714285714286,406,25,235228,139402,2013,39,1837.8,16892
2013-W40,26.799999999999997,27.8,22.7,24.342857142857145,32.3,32.3,7.485714285714286,50.0,34.18571428571429,441,22,300936,179386,2013,40,1864.6,17333
2013-W41,48.0,28.2,23.0,25.3,33.2,33.2,7.014285714285714,50.0,32.94285714285714,438,20,300936,179386,2013,41,1912.6,17771
2013-W42,194.0,27.785714285714285,20.9,24.099999999999998,32.7,32.7,7.328571428571428,52.2,32.91428571428572,374,29,300936,179386,2013,42,2106.6,18145
2013-W43,5.2,27.3,23.3,24.685714285714287,32.6,32.6,6.642857142857143,36.0,29.97142857142857,495,22,300936,179386,2013,43,2111.7999999999997,18640
2013-W44,69.8,27.114285714285717,24.1,24.514285714285712,32.3,32.3,5.8428571428571425,36.7,31.271428571428572,458,22,296000,223955,2013,44,2181.6,19098
2013-W45,102.8,27.057142857142857,23.2,24.428571428571427,32.6,32.6,5.785714285714286,36.7,27.885714285714283,402,21,296000,223955,2013,45,2284.4,19500
2013-W46,30.6,26.8,23.2,24.342857142857145,32.7,32.7,6.071428571428571,32.8,28.557142857142857,444,25,296000,223955,2013,46,2315.0,19944
2013-W47,16.4,27.728571428571428,22.9,24.642857142857142,32.9,32.9,6.8999999999999995,34.2,30.457142857142856,365,18,296000,223955,2013,47,2331.4,20309
2013-W48,110.2,26.900000000000002,23.4,24.5,32.8,32.8,6.357142857142857,31.3,27.157142857142855,372,17,273481,215519,2013,48,2441.6,20681
2013-W49,177.6,25.67142857142857,22.7,23.61428571428571,31.1,31.1,6.7,31.7,26.814285714285713,347,16,273481,215519,2013,49,2619.2,21028
2013-W50,37.0,27.02857142857143,21.6,24.157142857142855,32.0,32.0,7.828571428571428,33.5,28.071428571428573,381,18,273481,215519,2013,50,2656.2,21409
2013-W51,87.6,26.62857142857143,21.2,23.485714285714288,33.7,33.7,8.042857142857143,48.2,33.25714285714286,371,13,273481,215519,2013,51,2743.7999999999997,21780
2013-W52,4.6,26.7,23.9,24.97142857142857,30.6,30.6,10.914285714285715,43.6,35.857142857142854,414,17,273481,215519,2013,52,2748.3999999999996,22194
2014-W01,20.4,26.3375,23.3,24.55,31.1,31.1,9.0,37.1,31.45,437,22,336460,156662,2014,1,20.4,437
2014-W02,57.0,26.37142857142857,23.7,24.12857142857143,31.8,31.8,7.514285714285714,34.9,29.685714285714287,479,20,336460,156662,2014,2,77.4,916
2014-W03,0.0,26.24285714285714,23.5,24.314285714285713,30.3,30.3,13.214285714285714,40.0,37.34285714285714,401,17,336460,156662,2014,3,77.4,1317
2014-W04,0.0,25.7,22.7,23.52857142857143,29.4,29.4,12.285714285714286,41.4,36.41428571428572,336,12,336460,156662,2014,4,77.4,1653
2014-W05,0.0,26.057142857142857,22.4,23.342857142857145,31.6,31.6,13.671428571428573,42.8,38.357142857142854,234,13,309560,143100,2014,5,77.4,1887
2014-W06,0.2,26.585714285714285,22.9,23.599999999999998,32.7,32.7,11.685714285714285,34.2,30.728571428571428,274,17,309560,143100,2014,6,77.60000000000001,2161
2014-W07,0.0,27.714285714285715,24.8,25.185714285714287,33.8,33.8,13.942857142857141,41.0,36.67142857142857,369,14,309560,143100,2014,7,77.60000000000001,2530
2014-W08,0.0,27.7,24.4,25.185714285714287,32.6,32.6,15.214285714285714,42.8,37.528571428571425,194,17,309560,143100,2014,8,77.60000000000001,2724
2014-W09,0.0,27.514285714285712,24.0,24.685714285714287,33.8,33.8,14.685714285714285,41.4,39.771428571428565,187,17,259510,151449,2014,9,77.60000000000001,2911
2014-W10,0.0,27.657142857142855,23.8,24.400000000000002,33.5,33.5,12.700000000000001,42.1,37.24285714285714,210,9,259510,151449,2014,10,77.60000000000001,3121
2014-W11,52.6,27.97142857142857,23.6,24.985714285714288,34.1,34.1,13.085714285714285,41.4,38.57142857142857,225,9,259510,151449,2014,11,130.20000000000002,3346
2014-W12,13.0,27.428571428571427,24.2,25.0,33.6,33.6,9.028571428571428,36.0,30.74285714285714,210,12,259510,151449,2014,12,143.20000000000002,3556
2014-W13,0.4,28.571428571428573,24.7,25.7,34.4,34.4,10.728571428571428,37.1,34.1,225,14,259510,151449,2014,13,143.60000000000002,3781
2014-W14,25.599999999999998,28.32857142857143,22.8,25.785714285714285,34.2,34.2,8.685714285714285,43.2,33.48571428571429,240,11,311327,167555,2014,14,169.20000000000002,4021
2014-W15,29.2,27.8,23.9,25.071428571428573,34.5,34.5,6.757142857142857,43.2,32.357142857142854,245,13,311327,167555,2014,15,198.4,4266
2014-W16,29.2,28.471428571428568,23.5,25.7,33.4,33.4,7.214285714285714,33.1,28.900000000000002,235,14,311327,167555,2014,16,227.6,4501
2014-W17,7.6000000000000005,28.342857142857145,24.7,25.37142857142857,34.4,34.4,7.028571428571429,40.3,33.214285714285715,282,16,311327,167555,2014,17,235.2,4783
2014-W18,20.2,28.857142857142858,24.5,26.271428571428572,33.7,33.7,7.1571428571428575,35.3,29.271428571428572,251,11,302133,182715,2014,18,255.39999999999998,5034
2014-W19,30.599999999999998,28.928571428571427,24.3,26.32857142857143,33.8,33.8,7.3,37.8,32.44285714285714,261,14,302133,182715,2014,19,286.0,5295
2014-W20,56.599999999999994,28.457142857142856,23.0,25.685714285714287,33.1,33.1,5.957142857142857,42.5,31.314285714285713,291,16,302133,182715,2014,20,342.6,5586
2014-W21,15.6,27.985714285714288,23.2,25.0,32.6,32.6,7.1571428571428575,34.6,29.928571428571427,428,17,302133,182715,2014,21,358.20000000000005,6014
2014-W22,39.2,28.442857142857143,24.2,25.74285714285714,32.7,32.7,6.757142857142858,42.1,33.885714285714286,456,14,236284,179300,2014,22,397.40000000000003,6470
2014-W23,19.6,28.414285714285715,25.3,26.342857142857145,32.6,32.6,8.299999999999999,39.6,31.82857142857143,459,19,236284,179300,2014,23,417.00000000000006,6929
2014-W24,24.8,29.2,23.0,25.97142857142857,33.0,33.0,7.257142857142857,60.5,36.47142857142857,506,20,236284,179300,2014,24,441.80000000000007,7435
2014-W25,5.6,29.87142857142857,23.9,26.87142857142857,33.6,33.6,8.985714285714286,43.9,31.814285714285713,551,18,236284,179300,2014,25,447.4000000000001,7986
2014-W26,1.0,29.0,25.2,26.485714285714288,33.2,33.2,7.271428571428571,39.6,32.65714285714286,671,25,236284,179300,2014,26,448.4000000000001,8657
2014-W27,25.0,28.25714285714286,23.9,25.24285714285714,32.6,32.6,6.385714285714286,44.3,35.22857142857143,891,33,352100,151508,2014,27,473.4000000000001,9548
2014-W28,55.8,28.17142857142857,22.6,24.67142857142857,32.1,32.1,7.685714285714285,59.8,37.199999999999996,819,30,352100,151508,2014,28,529.2,10367
2014-W29,8.4,29.157142857142855,23.4,26.771428571428572,32.5,32.5,9.857142857142858,46.4,32.24285714285714,746,31,352100,151508,2014,29,537.6,11113
2014-W30,27.8,29.47142857142857,23.2,27.071428571428573,33.2,33.2,11.442857142857141,35.6,33.98571428571429,634,26,352100,151508,2014,30,565.4,11747
2014-W31,45.8,28.271428571428572,21.1,24.942857142857143,32.0,32.0,8.471428571428572,70.6,37.699999999999996,484,27,340734,154314,2014,31,611.1999999999999,12231
2014-W32,20.2,27.8,23.6,25.314285714285713,31.7,31.7,8.814285714285715,52.9,40.357142857142854,545,26,340734,154314,2014,32,631.4,12776
2014-W33,45.6,27.271428571428572,23.5,25.457142857142856,30.8,30.8,7.528571428571429,40.3,30.342857142857145,438,26,340734,154314,2014,33,677.0,13214
2014-W34,24.8,28.12857142857143,24.7,25.928571428571427,31.9,31.9,10.157142857142857,46.8,35.22857142857143,418,21,340734,154314,2014,34,701.8,13632
2014-W35,138.6,27.014285714285712,22.0,23.8,31.6,31.6,7.371428571428572,44.6,35.642857142857146,367,18,219725,142660,2014,35,840.4,13999
2014-W36,10.0,28.085714285714285,23.4,25.185714285714287,32.5,32.5,8.371428571428572,45.7,32.24285714285715,339,16,219725,142660,2014,36,850.4,14338
2014-W37,5.6,28.5,24.9,25.62857142857143,32.0,32.0,9.214285714285714,40.3,35.32857142857143,362,14,219725,142660,2014,37,856.0,14700
2014-W38,35.2,28.82857142857143,22.4,25.985714285714288,32.9,32.9,11.357142857142858,61.9,40.728571428571435,397,11,219725,142660,2014,38,891.2,15097
2014-W39,32.8,28.457142857142856,23.3,25.599999999999998,33.2,33.2,11.057142857142859,61.6,41.0,345,16,219725,142660,2014,39,924.0,15442
2014-W40,6.6,28.514285714285712,24.1,26.12857142857143,32.6,32.6,10.37142857142857,42.1,34.65714285714286,339,12,300882,189368,2014,40,930.6,15781
2014-W41,0.0,28.985714285714288,25.8,26.900000000000002,32.6,32.6,10.085714285714285,33.8,29.571428571428573,278,10,300882,189368,2014,41,930.6,16059
2014-W42,37.800000000000004,28.214285714285715,24.2,25.428571428571427,34.1,34.1,7.214285714285714,37.8,31.642857142857142,297,12,300882,189368,2014,42,968.4,16356
2014-W43,10.6,28.214285714285715,24.8,25.457142857142856,33.2,33.2,7.514285714285714,35.3,27.985714285714288,213,14,300882,189368,2014,43,979.0,16569
2014-W44,69.39999999999999,28.32857142857143,24.0,25.12857142857143,33.5,33.5,6.3428571428571425,37.4,29.957142857142856,186,9,286058,218046,2014,44,1048.4,16755
2014-W45,98.2,27.728571428571428,22.8,24.5,33.4,33.4,7.057142857142857,49.7,33.528571428571425,169,10,286058,218046,2014,45,1146.6000000000001,16924
2014-W46,93.0,27.042857142857144,22.2,24.271428571428572,32.8,32.8,5.971428571428571,50.8,34.199999999999996,158,13,286058,218046,2014,46,1239.6000000000001,17082
2014-W47,12.8,27.24285714285714,24.6,25.24285714285714,32.3,32.3,6.571428571428571,40.7,28.642857142857142,149,12,286058,218046,2014,47,1252.4,17231
2014-W48,42.4,27.599999999999998,23.7,25.014285714285712,32.7,32.7,6.1571428571428575,29.5,27.099999999999998,162,11,272108,216518,2014,48,1294.8000000000002,17393
2014-W49,107.8,27.214285714285715,22.4,24.071428571428573,33.6,33.6,5.485714285714286,49.7,31.72857142857143,212,10,272108,216518,2014,49,1402.6000000000001,17605
2014-W50,0.0,28.214285714285715,24.5,25.585714285714285,32.4,32.4,9.428571428571429,35.6,31.3,177,10,272108,216518,2014,50,1402.6000000000001,17782
2014-W51,39.0,26.885714285714283,24.0,24.914285714285715,32.1,32.1,7.328571428571428,36.0,29.62857142857143,198,9,272108,216518,2014,51,1441.6000000000001,17980
2014-W52,96.8,26.428571428571427,23.7,24.514285714285712,30.9,30.9,6.1571428571428575,32.4,25.87142857142857,188,10,272108,216518,2014,52,1538.4,18168
2015-W01,0.6,26.85,24.5,24.675,32.1,32.1,8.975,39.6,30.875,257,10,313152,150704,2015,1,0.6,257
2015-W02,79.0,26.285714285714285,23.3,24.17142857142857,32.4,32.4,7.5,33.8,27.87142857142857,228,14,313152,150704,2015,2,79.6,485
2015-W03,0.0,27.12857142857143,23.9,24.657142857142855,31.5,31.5,12.3,38.2,36.0,237,10,313152,150704,2015,3,79.6,722
2015-W04,0.0,27.0,24.4,24.957142857142856,30.9,30.9,14.085714285714285,42.5,36.25714285714286,259,12,313152,150704,2015,4,79.6,981
2015-W05,0.0,26.985714285714288,23.7,24.585714285714285,31.8,31.8,12.071428571428571,40.0,34.77142857142857,212,9,297204,153236,2015,5,79.6,1193
2015-W06,14.8,26.285714285714285,23.6,24.228571428571428,30.8,30.8,12.457142857142857,43.2,39.857142857142854,173,8,297204,153236,2015,6,94.39999999999999,1366
2015-W07,0.0,26.714285714285715,23.3,24.0,32.0,32.0,7.528571428571429,39.2,14.285714285714286,100,8,297204,153236,2015,7,94.39999999999999,1466
2015-W08,4.0,27.314285714285713,23.1,24.542857142857144,32.4,32.4,12.914285714285715,36.7,33.52857142857143,172,11,297204,153236,2015,8,98.39999999999999,1638
2015-W09,0.0,27.857142857142858,24.7,25.085714285714285,33.6,33.6,12.685714285714285,42.8,34.75714285714286,190,9,240330,151762,2015,9,98.39999999999999,1828
2015-W10,14.0,28.085714285714285,23.4,24.82857142857143,34.4,34.4,10.085714285714285,36.7,32.24285714285715,110,11,240330,151762,2015,10,112.39999999999999,1938
2015-W11,46.0,27.62857142857143,23.7,25.114285714285717,33.7,33.7,10.928571428571429,45.0,36.142857142857146,91,9,240330,151762,2015,11,158.39999999999998,2029
2015-W12,6.4,28.3,23.6,25.75714285714286,33.4,33.4,10.342857142857142,37.1,31.17142857142857,130,10,240330,151762,2015,12,164.79999999999998,2159
2015-W13,9.2,28.542857142857144,24.8,26.25714285714286,33.1,33.1,12.542857142857143,39.6,35.642857142857146,91,7,240330,151762,2015,13,173.99999999999997,2250
2015-W14,43.800000000000004,27.82857142857143,24.5,25.357142857142858,33.4,33.4,7.214285714285714,34.6,29.52857142857143,107,10,302156,173991,2015,14,217.79999999999998,2357
2015-W15,2.0,28.900000000000002,25.9,26.442857142857143,33.8,33.8,9.614285714285714,37.1,30.842857142857138,137,8,302156,173991,2015,15,219.79999999999998,2494
2015-W16,8.799999999999999,29.242857142857144,24.0,26.214285714285715,34.4,34.4,9.942857142857141,35.3,33.214285714285715,113,11,302156,173991,2015,16,228.6,2607
2015-W17,23.6,28.62857142857143,24.4,25.785714285714285,34.1,34.1,7.542857142857143,35.3,31.02857142857143,120,8,302156,173991,2015,17,252.2,2727
2015-W18,42.4,27.814285714285713,24.0,25.12857142857143,33.3,33.3,5.442857142857143,37.1,29.685714285714287,135,9,305709,197500,2015,18,294.59999999999997,2862
2015-W19,11.2,28.657142857142855,24.4,26.314285714285713,33.2,33.2,8.4,38.2,32.41428571428571,158,13,305709,197500,2015,19,305.79999999999995,3020
2015-W20,29.400000000000002,28.87142857142857,24.9,26.52857142857143,34.2,34.2,8.885714285714286,37.1,31.614285714285717,109,13,305709,197500,2015,20,335.19999999999993,3129
2015-W21,7.800000000000001,28.74285714285714,25.3,26.685714285714287,33.0,33.0,8.714285714285714,41.0,35.17142857142857,180,10,305709,197500,2015,21,342.99999999999994,3309
2015-W22,2.0,29.214285714285715,25.4,26.900000000000002,34.2,34.2,10.585714285714285,51.5,41.4,152,11,236949,173727,2015,22,344.99999999999994,3461
2015-W23,45.2,28.957142857142856,24.9,25.928571428571427,34.3,34.3,8.22857142857143,40.3,32.285714285714285,193,10,236949,173727,2015,23,390.19999999999993,3654
2015-W24,33.6,28.0,24.2,25.642857142857142,32.5,32.5,6.8428571428571425,35.3,31.071428571428573,207,13,236949,173727,2015,24,423.79999999999995,3861
2015-W25,4.2,28.928571428571427,24.8,26.814285714285713,32.5,32.5,10.0,36.7,31.728571428571428,240,15,236949,173727,2015,25,427.99999999999994,4101
2015-W26,12.8,29.885714285714283,25.2,27.771428571428572,33.2,33.2,14.085714285714285,44.3,35.31428571428571,242,13,236949,173727,2015,26,440.79999999999995,4343
2015-W27,29.0,29.042857142857144,22.1,26.042857142857144,32.8,32.8,10.228571428571428,59.4,36.714285714285715,272,11,379808,157657,2015,27,469.79999999999995,4615
2015-W28,34.0,29.114285714285717,23.6,26.400000000000002,32.4,32.4,10.928571428571429,36.0,31.214285714285715,263,13,379808,157657,2015,28,503.79999999999995,4878
2015-W29,47.599999999999994,29.271428571428572,24.2,27.385714285714283,32.6,32.6,13.071428571428571,45.7,38.6,293,15,379808,157657,2015,29,551.4,5171
2015-W30,4.0,29.228571428571428,24.3,26.82857142857143,32.7,32.7,13.1,50.4,38.74285714285714,250,11,379808,157657,2015,30,555.4,5421
2015-W31,3.8000000000000003,28.414285714285715,24.1,26.385714285714283,32.7,32.7,11.742857142857144,52.9,42.48571428571428,226,10,289012,134947,2015,31,559.1999999999999,5647
2015-W32,96.6,27.414285714285715,22.6,24.271428571428572,31.0,31.0,8.985714285714286,47.5,31.728571428571428,221,9,289012,134947,2015,32,655.8,5868
2015-W33,64.2,28.428571428571427,23.7,26.428571428571427,32.3,32.3,12.285714285714286,49.0,39.285714285714285,250,11,289012,134947,2015,33,720.0,6118
2015-W34,0.0,28.914285714285715,26.2,27.014285714285712,32.7,32.7,12.085714285714285,42.5,34.5,225,10,289012,134947,2015,34,720.0,6343
2015-W35,23.4,28.928571428571427,24.4,26.514285714285712,33.1,33.1,13.571428571428571,40.7,34.75714285714286,246,9,289012,134947,2015,35,743.4,6589
2015-W36,0.4,29.228571428571428,27.0,27.37142857142857,33.2,33.2,14.557142857142859,42.1,34.614285714285714,217,10,282994,182134,2015,36,743.8,6806
2015-W37,17.4,28.442857142857143,23.6,26.071428571428573,32.7,32.7,10.357142857142858,43.2,32.44285714285714,303,13,282994,182134,2015,37,761.1999999999999,7109
2015-W38,34.8,28.414285714285715,23.1,26.2,32.8,32.8,10.928571428571429,39.6,32.44285714285714,214,11,282994,182134,2015,38,795.9999999999999,7323
2015-W39,4.8,28.914285714285715,26.0,26.814285714285713,32.5,32.5,8.757142857142856,36.7,29.557142857142857,257,12,282994,182134,2015,39,800.7999999999998,7580
2015-W40,32.8,28.32857142857143,23.5,25.642857142857142,32.3,32.3,8.671428571428573,43.9,32.81428571428571,235,12,311737,178870,2015,40,833.5999999999998,7815
2015-W41,20.6,28.485714285714288,23.4,25.785714285714285,33.0,33.0,8.1,55.1,30.74285714285714,235,11,311737,178870,2015,41,854.1999999999998,8050
2015-W42,7.8,29.114285714285717,23.9,26.485714285714288,33.4,33.4,9.985714285714286,34.9,28.74285714285714,224,11,311737,178870,2015,42,861.9999999999998,8274
2015-W43,0.6,29.17142857142857,26.3,26.97142857142857,33.5,33.5,11.285714285714286,40.3,34.24285714285714,246,12,311737,178870,2015,43,862.5999999999998,8520
2015-W44,29.8,27.914285714285715,21.9,25.099999999999998,33.6,33.6,7.1571428571428575,59.4,34.08571428571428,266,12,240798,180883,2015,44,892.3999999999997,8786
2015-W45,1.5999999999999999,28.12857142857143,25.2,25.82857142857143,32.9,32.9,5.914285714285714,37.8,27.471428571428568,198,12,240798,180883,2015,45,893.9999999999998,8984
2015-W46,1.4,28.157142857142855,25.5,25.957142857142856,33.4,33.4,6.6571428571428575,31.0,27.257142857142856,254,11,240798,180883,2015,46,895.3999999999997,9238
2015-W47,11.6,27.842857142857145,23.7,25.47142857142857,32.9,32.9,6.785714285714286,33.5,30.67142857142857,286,11,240798,180883,2015,47,906.9999999999998,9524
2015-W48,32.0,27.82857142857143,24.2,25.099999999999998,33.6,33.6,6.957142857142856,32.4,27.7,259,10,240798,180883,2015,48,938.9999999999998,9783
2015-W49,64.8,27.87142857142857,23.2,25.099999999999998,33.0,33.0,7.028571428571429,35.6,32.142857142857146,357,14,356244,285590,2015,49,1003.7999999999997,10140
2015-W50,125.39999999999999,27.37142857142857,22.5,24.642857142857142,32.7,32.7,6.8428571428571425,41.8,30.3,333,17,356244,285590,2015,50,1129.1999999999998,10473
2015-W51,8.799999999999999,27.942857142857143,23.9,25.428571428571427,33.1,33.1,8.22857142857143,43.6,31.314285714285713,372,11,356244,285590,2015,51,1137.9999999999998,10845
2015-W52,187.0,27.942857142857143,22.8,24.942857142857143,32.9,32.9,8.328571428571427,38.2,32.0,458,21,356244,285590,2015,52,1324.9999999999998,11303
2016-W01,1.8,28.514285714285712,24.7,26.114285714285717,32.4,32.4,11.257142857142856,35.6,31.47142857142857,549,27,353031,156546,2016,1,1.8,549
2016-W02,51.4,28.400000000000002,23.8,26.0,32.8,32.8,8.971428571428572,33.5,30.11428571428571,628,25,353031,156546,2016,2,53.199999999999996,1177
2016-W03,6.0,28.52857142857143,25.8,26.514285714285712,32.5,32.5,10.028571428571428,46.1,33.528571428571425,636,22,353031,156546,2016,3,59.199999999999996,1813
2016-W04,9.6,28.614285714285717,25.0,26.271428571428572,32.8,32.8,11.614285714285714,64.8,38.771428571428565,630,35,353031,156546,2016,4,68.8,2443
2016-W05,39.0,28.185714285714287,24.9,25.814285714285713,32.7,32.7,11.685714285714285,45.7,35.114285714285714,530,32,267019,137261,2016,5,107.8,2973
2016-W06,2.2,27.62857142857143,24.2,25.74285714285714,32.1,32.1,10.542857142857143,41.8,31.128571428571426,420,31,267019,137261,2016,6,110.0,3393
2016-W07,73.0,27.542857142857144,23.8,25.428571428571427,32.4,32.4,11.514285714285714,42.8,38.05714285714286,593,29,267019,137261,2016,7,183.0,3986
2016-W08,71.8,27.857142857142858,23.3,25.285714285714285,31.9,31.9,12.342857142857143,45.4,39.542857142857144,512,25,267019,137261,2016,8,254.8,4498
2016-W09,0.4,28.571428571428573,26.1,26.542857142857144,32.7,32.7,13.571428571428571,44.6,39.08571428571428,412,21,267019,137261,2016,9,255.20000000000002,4910
2016-W10,4.6,28.928571428571427,26.0,26.614285714285717,33.8,33.8,10.6,34.9,30.32857142857143,397,21,351652,207344,2016,10,259.8,5307
2016-W11,0.0,28.985714285714288,25.4,26.271428571428572,33.8,33.8,11.214285714285714,35.6,30.67142857142857,374,19,351652,207344,2016,11,259.8,5681
2016-W12,1.2,29.12857142857143,25.7,26.67142857142857,34.1,34.1,10.528571428571428,41.8,34.2,308,17,351652,207344,2016,12,261.0,5989
2016-W13,7.6,29.442857142857143,26.0,26.785714285714285,34.4,34.4,13.228571428571428,40.3,35.5,377,18,351652,207344,2016,13,268.6,6366
2016-W14,7.4,29.3,25.9,26.571428571428573,35.0,35.0,9.271428571428572,35.6,31.514285714285712,292,20,348493,184951,2016,14,276.0,6658
2016-W15,23.8,29.657142857142855,25.6,26.685714285714287,34.5,34.5,7.571428571428571,45.0,33.17142857142857,225,17,348493,184951,2016,15,299.8,6883
2016-W16,14.4,29.900000000000002,25.9,27.285714285714285,34.8,34.8,9.4,45.7,34.3,231,14,348493,184951,2016,16,314.2,7114
2016-W17,36.6,28.942857142857143,25.3,26.157142857142855,33.8,33.8,6.385714285714286,34.2,28.228571428571428,244,13,348493,184951,2016,17,350.8,7358
2016-W18,0.6,29.842857142857145,27.0,27.457142857142856,34.6,34.6,8.085714285714285,39.6,33.542857142857144,181,12,271509,159539,2016,18,351.40000000000003,7539
2016-W19,25.2,29.285714285714285,25.1,26.75714285714286,34.5,34.5,6.942857142857143,46.8,37.271428571428565,217,14,271509,159539,2016,19,376.6,7756
2016-W20,125.4,28.771428571428572,24.6,25.7,34.3,34.3,7.042857142857143,53.6,35.94285714285714,212,13,271509,159539,2016,20,502.0,7968
2016-W21,31.6,29.47142857142857,23.9,26.47142857142857,33.2,33.2,8.071428571428571,47.2,31.285714285714285,198,13,271509,159539,2016,21,533.6,8166
2016-W22,15.6,28.24285714285714,25.0,25.814285714285713,32.5,32.5,6.485714285714286,45.4,31.485714285714288,220,17,271509,159539,2016,22,549.2,8386
2016-W23,20.599999999999998,28.785714285714285,25.1,26.357142857142858,32.7,32.7,6.928571428571429,43.2,35.128571428571426,160,14,317633,219998,2016,23,569.8000000000001,8546
2016-W24,67.2,27.87142857142857,24.2,25.47142857142857,32.1,32.1,6.042857142857143,44.6,30.17142857142857,193,12,317633,219998,2016,24,637.0000000000001,8739
2016-W25,70.8,28.428571428571427,22.5,25.542857142857144,32.9,32.9,7.414285714285714,50.8,31.685714285714283,215,14,317633,219998,2016,25,707.8000000000001,8954
2016-W26,0.0,29.785714285714285,27.0,27.814285714285713,33.4,33.4,10.585714285714285,33.5,29.52857142857143,234,15,317633,219998,2016,26,707.8000000000001,9188
2016-W27,6.4,29.62857142857143,24.3,27.071428571428573,33.2,33.2,10.657142857142857,38.5,32.857142857142854,247,13,405601,161358,2016,27,714.2,9435
2016-W28,5.8,28.17142857142857,25.1,25.728571428571428,33.4,33.4,6.485714285714286,44.6,35.028571428571425,223,16,405601,161358,2016,28,720.0,9658
2016-W29,150.0,27.142857142857142,22.5,24.12857142857143,33.3,33.3,6.542857142857144,38.2,29.485714285714288,266,15,405601,161358,2016,29,870.0,9924
2016-W30,6.4,28.02857142857143,24.2,25.47142857142857,31.9,31.9,6.685714285714285,52.6,32.92857142857143,222,16,405601,161358,2016,30,876.4,10146
2016-W31,34.0,28.514285714285712,22.1,25.614285714285717,32.7,32.7,8.285714285714286,65.2,35.74285714285714,211,16,296375,125936,2016,31,910.4,10357
2016-W32,7.2,29.228571428571428,25.2,27.042857142857144,32.9,32.9,7.457142857142857,39.2,30.800000000000004,198,11,296375,125936,2016,32,917.6,10555
2016-W33,44.0,29.157142857142855,22.7,26.071428571428573,32.7,32.7,11.157142857142857,46.1,35.94285714285714,222,14,296375,125936,2016,33,961.6,10777
2016-W34,31.799999999999997,28.985714285714288,24.4,26.17142857142857,33.8,33.8,6.957142857142857,38.2,31.071428571428573,274,11,296375,125936,2016,34,993.4,11051
2016-W35,27.599999999999998,28.285714285714285,24.5,25.599999999999998,33.0,33.0,6.728571428571429,42.1,33.642857142857146,311,30,296375,125936,2016,35,1021.0,11362
2016-W36,28.2,28.099999999999998,22.9,25.52857142857143,32.2,32.2,7.5,51.1,37.91428571428571,242,22,286016,194978,2016,36,1049.2,11604
2016-W37,59.8,27.957142857142856,22.6,24.142857142857142,32.9,32.9,6.7,54.0,37.58571428571429,174,18,286016,194978,2016,37,1109.0,11778
2016-W38,18.3,28.428571428571427,23.9,25.12857142857143,33.6,33.6,6.114285714285714,39.6,25.914285714285715,173,14,286016,194978,2016,38,1127.3,11951
2016-W39,7.2,28.814285714285713,24.3,25.842857142857145,34.4,34.4,6.414285714285714,42.8,32.48571428571429,138,9,286016,194978,2016,39,1134.5,12089
2016-W40,98.0,27.928571428571427,21.6,24.428571428571427,32.9,32.9,5.814285714285715,51.1,32.81428571428572,125,11,247535,151982,2016,40,1232.5,12214
2016-W41,6.8,29.52857142857143,24.4,26.285714285714285,34.6,34.6,8.171428571428573,44.3,33.44285714285714,94,14,247535,151982,2016,41,1239.3,12308
2016-W42,28.4,28.7,22.7,25.571428571428573,32.9,32.9,7.042857142857144,50.8,34.114285714285714,108,9,247535,151982,2016,42,1267.7,12416
2016-W43,47.8,26.942857142857143,23.3,24.271428571428572,32.4,32.4,5.385714285714286,40.0,29.114285714285717,84,10,247535,151982,2016,43,1315.5,12500
2016-W44,59.6,27.75714285714286,23.6,25.057142857142857,33.0,33.0,6.1000000000000005,45.7,29.97142857142857,86,8,247535,151982,2016,44,1375.1,12586
2016-W45,91.00000000000001,27.428571428571427,23.3,24.8,32.6,32.6,5.742857142857143,37.8,30.128571428571426,84,8,308858,228606,2016,45,1466.1,12670
2016-W46,128.79999999999998,27.114285714285717,22.7,24.442857142857143,31.7,31.7,5.614285714285714,39.6,31.157142857142855,72,7,308858,228606,2016,46,1594.8999999999999,12742
2016-W47,10.0,27.657142857142855,25.0,25.32857142857143,32.2,32.2,6.314285714285715,35.6,27.357142857142858,75,8,308858,228606,2016,47,1604.8999999999999,12817
2016-W48,40.0,27.3,24.3,25.171428571428574,32.9,32.9,6.528571428571429,27.4,23.97142857142857,86,7,308858,228606,2016,48,1644.8999999999999,12903
2016-W49,88.8,27.67142857142857,23.0,24.514285714285712,33.1,33.1,6.871428571428572,47.2,31.82857142857143,59,5,376534,296374,2016,49,1733.6999999999998,12962
2016-W50,34.6,27.928571428571427,23.4,25.142857142857142,33.6,33.6,7.2,38.5,31.871428571428574,81,6,376534,296374,2016,50,1768.2999999999997,13043
2016-W51,124.2,27.385714285714283,23.3,24.685714285714287,33.4,33.4,7.728571428571429,45.0,35.75714285714286,72,3,376534,296374,2016,51,1892.4999999999998,13115
2016-W52,6.6,26.728571428571428,23.4,24.52857142857143,32.0,32.0,7.928571428571429,36.7,29.314285714285713,64,7,376534,296374,2016,52,1899.0999999999997,13179
2017-W01,4.8,27.67142857142857,23.5,25.185714285714287,33.7,33.7,7.1571428571428575,31.7,28.542857142857144,70,11,296096,139264,2017,1,4.8,70
2017-W02,40.6,27.5,21.8,24.985714285714288,32.6,32.6,7.614285714285715,40.0,30.91428571428571,91,11,296096,139264,2017,2,45.4,161
2017-W03,67.2,26.685714285714287,23.5,24.24285714285714,32.0,32.0,7.614285714285714,36.0,30.285714285714285,75,9,296096,139264,2017,3,112.6,236
2017-W04,81.8,26.0,23.0,24.157142857142855,30.8,30.8,8.657142857142857,46.1,32.65714285714286,66,11,296096,139264,2017,4,194.39999999999998,302
2017-W05,67.8,26.8,24.2,24.75714285714286,32.4,32.4,7.771428571428571,34.9,28.914285714285715,62,10,296096,139264,2017,5,262.2,364
2017-W06,36.199999999999996,26.842857142857145,23.5,24.67142857142857,31.9,31.9,9.971428571428572,48.2,34.17142857142857,77,12,340252,152199,2017,6,298.4,441
2017-W07,19.0,26.75714285714286,22.6,24.685714285714287,31.1,31.1,13.785714285714286,44.6,39.32857142857143,53,9,340252,152199,2017,7,317.4,494
2017-W08,34.8,27.057142857142857,23.6,24.75714285714286,31.6,31.6,9.057142857142857,36.7,32.08571428571428,54,8,340252,152199,2017,8,352.2,548
2017-W09,51.4,26.557142857142857,22.9,24.3,30.9,30.9,11.0,43.2,34.57142857142857,41,11,340252,152199,2017,9,403.59999999999997,589
2017-W10,0.0,27.17142857142857,24.5,24.82857142857143,31.6,31.6,10.842857142857143,35.6,30.099999999999998,32,8,370040,215862,2017,10,403.59999999999997,621
2017-W11,0.0,27.928571428571427,24.5,25.357142857142858,33.3,33.3,8.542857142857143,32.0,30.400000000000002,35,12,370040,215862,2017,11,403.59999999999997,656
2017-W12,21.799999999999997,28.085714285714285,24.1,25.585714285714285,33.3,33.3,8.228571428571428,32.0,28.47142857142857,32,10,370040,215862,2017,12,425.4,688
2017-W13,77.6,26.857142857142858,23.6,24.400000000000002,32.5,32.5,6.028571428571429,46.1,32.77142857142857,50,9,370040,215862,2017,13,503.0,738
2017-W14,49.8,27.928571428571427,22.9,25.071428571428573,34.4,34.4,6.285714285714286,36.4,31.02857142857143,37,14,367688,197337,2017,14,552.8,775
2017-W15,34.6,27.914285714285715,23.1,24.914285714285715,32.5,32.5,7.214285714285714,33.5,29.114285714285717,32,11,367688,197337,2017,15,587.4,807
2017-W16,37.8,28.085714285714285,23.6,25.185714285714287,32.9,32.9,5.985714285714286,37.4,27.814285714285713,51,12,367688,197337,2017,16,625.1999999999999,858
2017-W17,78.0,27.514285714285712,22.8,24.914285714285715,32.7,32.7,6.1000000000000005,32.0,26.37142857142857,37,9,367688,197337,2017,17,703.1999999999999,895
2017-W18,30.4,28.457142857142856,24.8,25.97142857142857,31.9,31.9,6.471428571428571,37.1,30.042857142857144,42,14,272779,162870,2017,18,733.5999999999999,937
2017-W19,20.0,28.442857142857143,24.9,26.2,32.4,32.4,7.785714285714286,37.1,29.585714285714285,48,12,272779,162870,2017,19,753.5999999999999,985
2017-W20,35.8,28.97142857142857,24.1,26.599999999999998,32.5,32.5,9.985714285714286,39.2,35.31428571428572,50,13,272779,162870,2017,20,789.3999999999999,1035
2017-W21,46.6,28.12857142857143,23.6,25.385714285714283,31.9,31.9,9.214285714285714,43.6,33.642857142857146,50,14,272779,162870,2017,21,835.9999999999999,1085
2017-W22,66.8,28.67142857142857,23.6,25.928571428571427,32.8,32.8,8.7,44.3,30.8,66,16,272779,162870,2017,22,902.7999999999998,1151
2017-W23,0.2,29.314285714285717,25.8,27.442857142857143,32.7,32.7,11.200000000000001,32.4,29.385714285714283,62,10,346900,229301,2017,23,902.9999999999999,1213
2017-W24,22.0,28.571428571428573,24.1,25.942857142857143,33.0,33.0,8.585714285714285,39.6,32.18571428571429,80,13,346900,229301,2017,24,924.9999999999999,1293
2017-W25,72.6,27.900000000000002,22.2,24.32857142857143,32.3,32.3,6.8428571428571425,57.6,33.01428571428571,73,12,346900,229301,2017,25,997.5999999999999,1366
2017-W26,3.2,27.942857142857143,24.1,25.728571428571428,32.0,32.0,7.957142857142857,34.6,28.085714285714285,75,11,346900,229301,2017,26,1000.8,1441
2017-W27,32.6,27.8,23.5,24.87142857142857,31.6,31.6,8.071428571428571,36.7,31.842857142857145,63,14,326427,136777,2017,27,1033.3999999999999,1504
2017-W28,44.800000000000004,27.25714285714286,23.7,24.785714285714285,31.8,31.8,7.814285714285715,51.8,37.785714285714285,53,12,326427,136777,2017,28,1078.1999999999998,1557
2017-W29,0.0,28.74285714285714,26.2,26.771428571428572,32.0,32.0,11.671428571428573,33.8,30.75714285714286,51,11,326427,136777,2017,29,1078.1999999999998,1608
2017-W30,2.4,29.099999999999998,24.9,27.0,32.3,32.3,13.057142857142859,43.2,37.699999999999996,67,13,326427,136777,2017,30,1080.6,1675
2017-W31,1.6,29.25714285714286,27.1,27.442857142857143,33.0,33.0,14.457142857142857,44.3,37.714285714285715,60,10,326427,136777,2017,31,1082.1999999999998,1735
2017-W32,21.4,27.542857142857144,24.3,25.17142857142857,31.5,31.5,8.242857142857144,39.2,32.9,56,10,389821,182876,2017,32,1103.6,1791
2017-W33,48.599999999999994,27.814285714285717,23.7,25.214285714285715,32.0,32.0,10.12857142857143,43.6,36.471428571428575,53,12,389821,182876,2017,33,1152.1999999999998,1844
2017-W34,8.2,28.228571428571428,24.5,26.2,32.0,32.0,11.485714285714286,41.8,35.5,52,12,389821,182876,2017,34,1160.3999999999999,1896
2017-W35,4.4,28.271428571428572,25.4,26.32857142857143,32.2,32.2,11.742857142857144,45.7,35.371428571428574,33,8,389821,182876,2017,35,1164.8,1929
2017-W36,37.4,27.842857142857145,24.4,25.542857142857144,31.8,31.8,7.957142857142857,50.4,39.042857142857144,40,10,330012,194038,2017,36,1202.2,1969
2017-W37,36.2,28.214285714285715,22.3,25.485714285714288,32.4,32.4,8.785714285714286,41.8,32.31428571428571,53,10,330012,194038,2017,37,1238.4,2022
2017-W38,39.800000000000004,27.5,23.7,24.457142857142856,32.1,32.1,7.3999999999999995,41.0,36.714285714285715,59,11,330012,194038,2017,38,1278.2,2081
2017-W39,14.0,27.728571428571428,23.8,25.47142857142857,31.9,31.9,6.428571428571429,40.0,29.728571428571428,39,12,330012,194038,2017,39,1292.2,2120
2017-W40,30.200000000000003,27.428571428571427,24.5,25.042857142857144,33.2,33.2,6.642857142857143,35.3,30.2,52,13,280460,157133,2017,40,1322.4,2172
2017-W41,53.2,28.085714285714285,23.5,24.557142857142857,32.7,32.7,6.7,55.1,34.41428571428572,55,10,280460,157133,2017,41,1375.6000000000001,2227
2017-W42,0.8,29.157142857142855,26.2,26.785714285714285,34.6,34.6,7.2,32.0,28.385714285714283,63,14,280460,157133,2017,42,1376.4,2290
2017-W43,31.799999999999997,27.400000000000002,23.7,24.82857142857143,33.8,33.8,5.414285714285714,36.4,27.0,77,13,280460,157133,2017,43,1408.2,2367
2017-W44,12.600000000000001,27.32857142857143,23.5,24.614285714285717,31.8,31.8,6.485714285714286,35.3,28.957142857142856,62,13,280460,157133,2017,44,1420.8,2429
2017-W45,129.8,26.485714285714288,23.1,24.099999999999998,31.5,31.5,5.671428571428572,44.3,30.5,44,10,349332,245902,2017,45,1550.6,2473
2017-W46,82.0,27.271428571428572,23.1,24.485714285714288,32.5,32.5,6.085714285714286,48.6,34.57142857142857,50,12,349332,245902,2017,46,1632.6,2523
2017-W47,32.2,26.97142857142857,23.3,24.685714285714287,32.3,32.3,6.442857142857143,35.3,28.714285714285715,24,12,349332,245902,2017,47,1664.8,2547
2017-W48,19.400000000000002,27.542857142857144,24.6,25.314285714285713,33.5,33.5,7.657142857142857,44.6,30.485714285714288,38,13,349332,245902,2017,48,1684.2,2585
2017-W49,62.39999999999999,27.042857142857144,23.4,24.75714285714286,32.2,32.2,7.042857142857143,28.8,26.271428571428572,34,13,392404,309643,2017,49,1746.6000000000001,2619
2017-W50,130.4,26.842857142857145,23.2,24.342857142857145,32.2,32.2,7.728571428571429,37.4,29.357142857142858,40,14,392404,309643,2017,50,1877.0000000000002,2659
2017-W51,56.4,27.057142857142857,23.5,24.75714285714286,32.4,32.4,9.828571428571427,41.8,33.24285714285714,51,6,392404,309643,2017,51,1933.4000000000003,2710
2017-W52,120.4,26.52857142857143,23.3,24.342857142857145,31.2,31.2,8.6,45.7,33.128571428571426,66,11,392404,309643,2017,52,2053.8,2776
2018-W01,75.4,26.212500000000002,23.6,24.4,32.0,32.0,6.9625,36.0,27.1875,83,14,312672,133930,2018,1,75.4,83
2018-W02,146.6,24.5,21.3,22.785714285714285,31.4,31.4,7.985714285714287,37.1,28.685714285714287,68,9,312672,133930,2018,2,222.0,151
2018-W03,27.400000000000002,26.599999999999998,22.4,24.157142857142855,32.1,32.1,8.128571428571428,32.8,29.942857142857143,54,15,312672,133930,2018,3,249.4,205
2018-W04,33.4,26.771428571428572,23.6,24.728571428571428,32.7,32.7,6.714285714285714,32.0,29.04285714285714,45,9,312672,133930,2018,4,282.8,250
2018-W05,57.0,27.02857142857143,21.8,24.47142857142857,33.2,33.2,11.014285714285714,50.0,38.785714285714285,48,9,312672,133930,2018,5,339.8,298
2018-W06,0.0,26.5,23.5,24.2,30.8,30.8,13.228571428571428,40.3,37.285714285714285,50,9,372992,171544,2018,6,339.8,348
2018-W07,0.2,27.25714285714286,24.1,24.614285714285717,32.2,32.2,11.714285714285714,39.6,33.58571428571428,28,11,372992,171544,2018,7,340.0,376
2018-W08,1.0,27.614285714285717,24.6,25.157142857142855,33.3,33.3,11.785714285714286,37.8,33.4,39,8,372992,171544,2018,8,341.0,415
2018-W09,3.2,28.042857142857144,25.1,25.571428571428573,33.9,33.9,10.87142857142857,34.6,31.485714285714288,51,11,372992,171544,2018,9,344.2,466
2018-W10,21.599999999999998,27.714285714285715,23.9,25.12857142857143,33.4,33.4,11.200000000000001,48.2,35.57142857142857,37,8,396102,237573,2018,10,365.8,503
2018-W11,0.0,28.485714285714288,25.2,25.814285714285713,34.2,34.2,11.271428571428572,37.4,33.542857142857144,39,13,396102,237573,2018,11,365.8,542
2018-W12,7.0,28.37142857142857,24.8,25.857142857142858,34.0,34.0,10.299999999999999,34.6,31.014285714285712,36,8,396102,237573,2018,12,372.8,578
2018-W13,13.6,27.157142857142855,23.6,24.642857142857142,33.7,33.7,7.1571428571428575,39.6,32.51428571428571,24,9,396102,237573,2018,13,386.40000000000003,602
2018-W14,5.199999999999999,28.52857142857143,25.5,26.099999999999998,33.8,33.8,10.714285714285714,36.7,30.87142857142857,38,7,308850,154906,2018,14,391.6,640
2018-W15,14.4,28.914285714285715,24.6,26.285714285714285,34.4,34.4,9.828571428571427,38.2,31.542857142857144,38,6,308850,154906,2018,15,406.0,678
2018-W16,2.6,28.142857142857142,25.5,25.857142857142858,34.3,34.3,7.7,37.1,31.342857142857145,56,7,308850,154906,2018,16,408.6,734
2018-W17,33.6,28.414285714285715,22.6,25.24285714285714,35.0,35.0,6.8428571428571425,43.6,31.942857142857143,56,16,308850,154906,2018,17,442.20000000000005,790
2018-W18,26.2,28.785714285714285,23.6,25.82857142857143,34.2,34.2,8.328571428571427,44.6,36.65714285714286,77,30,308850,154906,2018,18,468.40000000000003,867
2018-W19,1.4,29.685714285714287,26.3,27.47142857142857,33.8,33.8,11.228571428571428,51.1,33.628571428571426,62,15,367723,218066,2018,19,469.8,929
2018-W20,10.2,28.414285714285715,24.6,26.042857142857144,34.0,34.0,6.471428571428571,36.4,27.914285714285715,64,19,367723,218066,2018,20,480.0,993
2018-W21,48.4,28.314285714285713,24.0,25.642857142857142,33.1,33.1,6.914285714285714,49.3,28.785714285714285,65,12,367723,218066,2018,21,528.4,1058
2018-W22,121.6,27.842857142857145,22.9,24.87142857142857,32.9,32.9,5.6000000000000005,45.0,30.028571428571432,54,13,367723,218066,2018,22,650.0,1112
2018-W23,4.199999999999999,29.728571428571428,24.2,27.085714285714285,33.4,33.4,9.557142857142859,36.4,29.414285714285715,75,13,386170,238954,2018,23,654.2,1187
2018-W24,11.8,29.099999999999998,23.6,26.614285714285717,33.1,33.1,9.328571428571427,42.5,33.58571428571428,55,11,386170,238954,2018,24,666.0,1242
2018-W25,32.4,27.74285714285714,23.6,24.771428571428572,32.2,32.2,8.27142857142857,47.2,36.45714285714286,61,11,386170,238954,2018,25,698.4,1303
2018-W26,65.0,27.042857142857144,23.0,24.37142857142857,31.5,31.5,6.528571428571429,36.4,30.47142857142857,76,10,386170,238954,2018,26,763.4,1379
2018-W27,63.8,28.24285714285714,23.1,25.485714285714288,31.7,31.7,9.985714285714286,41.8,34.271428571428565,58,10,346579,143977,2018,27,827.1999999999999,1437
2018-W28,58.6,28.25714285714286,21.9,25.457142857142856,32.3,32.3,10.285714285714286,51.1,34.15714285714286,44,11,346579,143977,2018,28,885.8,1481
2018-W29,9.0,28.914285714285715,23.5,26.428571428571427,31.9,31.9,11.514285714285714,40.0,32.05714285714286,41,13,346579,143977,2018,29,894.8,1522
2018-W30,5.2,29.0,24.9,26.857142857142858,33.0,33.0,12.4,41.0,35.41428571428571,56,10,346579,143977,2018,30,900.0,1578
2018-W31,38.4,27.814285714285713,24.0,25.585714285714285,32.4,32.4,10.028571428571428,40.3,32.48571428571429,51,10,346579,143977,2018,31,938.4,1629
2018-W32,6.8,28.571428571428573,21.9,26.085714285714285,33.0,33.0,10.342857142857143,40.0,33.542857142857144,59,10,420780,195173,2018,32,945.1999999999999,1688
2018-W33,3.8,29.25714285714286,24.9,27.157142857142855,33.0,33.0,14.799999999999999,40.3,35.58571428571428,43,12,420780,195173,2018,33,948.9999999999999,1731
2018-W34,71.2,28.24285714285714,22.5,25.37142857142857,33.2,33.2,9.814285714285715,43.2,34.0,68,10,420780,195173,2018,34,1020.1999999999999,1799
2018-W35,13.8,28.157142857142855,21.4,25.32857142857143,32.7,32.7,8.585714285714285,45.0,38.371428571428574,75,9,420780,195173,2018,35,1034.0,1874
2018-W36,96.80000000000001,27.185714285714287,21.8,23.814285714285713,31.9,31.9,6.228571428571429,42.5,32.04285714285714,76,11,353787,202436,2018,36,1130.8,1950
2018-W37,3.4,28.114285714285717,24.8,26.157142857142855,32.0,32.0,9.314285714285715,37.1,33.75714285714286,49,13,353787,202436,2018,37,1134.2,1999
2018-W38,36.6,27.557142857142857,23.7,24.900000000000002,32.5,32.5,8.385714285714286,37.4,32.128571428571426,63,13,353787,202436,2018,38,1170.8,2062
2018-W39,0.0,29.157142857142855,26.1,26.842857142857145,33.0,33.0,12.028571428571428,45.4,34.15714285714286,40,6,353787,202436,2018,39,1170.8,2102
2018-W40,19.8,29.185714285714287,23.7,26.585714285714285,34.5,34.5,11.62857142857143,45.7,37.68571428571429,51,9,293476,166492,2018,40,1190.6,2153
2018-W41,177.4,26.585714285714285,22.5,24.0,32.5,32.5,5.2,44.6,28.5,51,10,293476,166492,2018,41,1368.0,2204
2018-W42,26.799999999999997,28.02857142857143,23.4,24.642857142857142,33.3,33.3,6.742857142857143,48.2,32.34285714285714,62,9,293476,166492,2018,42,1394.8,2266
2018-W43,9.6,27.8,25.1,25.47142857142857,32.8,32.8,6.1571428571428575,35.6,29.957142857142856,78,11,293476,166492,2018,43,1404.3999999999999,2344
2018-W44,12.6,27.47142857142857,24.5,25.357142857142858,32.9,32.9,6.885714285714286,37.8,31.571428571428573,75,12,293476,166492,2018,44,1416.9999999999998,2419
2018-W45,24.0,27.32857142857143,23.6,24.957142857142856,32.7,32.7,5.6571428571428575,32.8,26.057142857142853,71,9,351746,260823,2018,45,1440.9999999999998,2490
2018-W46,48.0,27.17142857142857,22.4,24.142857142857142,32.5,32.5,5.385714285714286,55.4,32.7,78,11,351746,260823,2018,46,1488.9999999999998,2568
2018-W47,48.6,27.314285714285713,22.8,24.042857142857144,33.4,33.4,5.542857142857143,40.0,27.87142857142857,97,16,351746,260823,2018,47,1537.5999999999997,2665
2018-W48,44.6,27.442857142857143,23.9,25.057142857142857,32.0,32.0,6.928571428571429,33.5,29.37142857142857,109,17,351746,260823,2018,48,1582.1999999999996,2774
2018-W49,11.0,27.614285714285717,24.9,25.52857142857143,32.3,32.3,6.285714285714286,26.6,24.071428571428573,115,12,400804,320881,2018,49,1593.1999999999996,2889
2018-W50,77.4,26.885714285714283,23.7,24.957142857142856,31.9,31.9,6.3999999999999995,37.4,29.771428571428572,108,16,400804,320881,2018,50,1670.5999999999997,2997
2018-W51,19.8,27.728571428571428,23.6,25.2,32.7,32.7,7.357142857142857,45.0,31.685714285714287,128,12,400804,320881,2018,51,1690.3999999999996,3125
2018-W52,17.799999999999997,28.285714285714285,24.7,25.442857142857143,33.8,33.8,6.857142857142857,45.7,32.32857142857143,160,14,400804,320881,2018,52,1708.1999999999996,3285
2019-W01,0.0,28.625,25.1,25.925,33.4,33.4,10.175,43.9,33.125,207,20,406148,175167,2019,1,0.0,207
2019-W02,6.3999999999999995,28.314285714285713,24.7,25.657142857142855,32.6,32.6,12.385714285714286,37.8,34.142857142857146,245,19,406148,175167,2019,2,6.3999999999999995,452
2019-W03,54.400000000000006,27.47142857142857,23.5,24.900000000000002,32.6,32.6,9.314285714285715,35.6,32.4,215,20,406148,175167,2019,3,60.800000000000004,667
2019-W04,2.0,27.642857142857142,25.0,25.599999999999998,31.9,31.9,12.700000000000001,47.5,37.371428571428574,222,15,406148,175167,2019,4,62.800000000000004,889
2019-W05,1.0,27.814285714285713,25.2,25.8,32.9,32.9,12.585714285714285,38.9,35.22857142857143,182,24,374763,182479,2019,5,63.800000000000004,1071
2019-W06,0.0,28.385714285714283,24.7,25.5,34.1,34.1,12.071428571428571,43.6,36.471428571428575,138,28,374763,182479,2019,6,63.800000000000004,1209
2019-W07,9.2,28.085714285714285,23.0,25.157142857142855,33.6,33.6,12.714285714285714,43.2,35.6,235,19,374763,182479,2019,7,73.0,1444
2019-W08,22.0,28.071428571428573,21.9,25.099999999999998,33.5,33.5,10.842857142857142,35.3,31.785714285714285,182,17,374763,182479,2019,8,95.0,1626
2019-W09,0.2,28.342857142857145,24.7,25.857142857142858,33.6,33.6,13.357142857142858,41.8,37.55714285714286,157,17,391166,238389,2019,9,95.2,1783
2019-W10,0.0,28.928571428571427,24.6,26.12857142857143,34.7,34.7,10.9,37.8,31.67142857142857,134,14,391166,238389,2019,10,95.2,1917
2019-W11,27.0,28.52857142857143,22.3,25.0,34.8,34.8,10.22857142857143,41.0,33.371428571428574,109,16,391166,238389,2019,11,122.2,2026
2019-W12,8.8,28.842857142857145,23.1,25.52857142857143,34.5,34.5,9.828571428571427,32.8,31.67142857142857,97,10,391166,238389,2019,12,131.0,2123
2019-W13,36.4,28.7,22.9,25.685714285714287,34.5,34.5,9.357142857142858,34.9,29.5,100,14,319345,162362,2019,13,167.4,2223
2019-W14,57.0,28.114285714285717,22.7,24.857142857142858,33.7,33.7,7.928571428571429,36.7,31.271428571428572,108,16,319345,162362,2019,14,224.4,2331
2019-W15,37.2,28.62857142857143,23.6,25.75714285714286,33.4,33.4,7.814285714285715,40.7,30.342857142857145,125,16,319345,162362,2019,15,261.6,2456
2019-W16,21.4,29.357142857142858,25.0,26.614285714285717,34.5,34.5,8.857142857142858,37.8,34.1,135,16,319345,162362,2019,16,283.0,2591
2019-W17,59.199999999999996,28.428571428571427,24.0,26.085714285714285,34.5,34.5,5.871428571428572,40.3,28.071428571428573,157,18,319345,162362,2019,17,342.2,2748
2019-W18,7.2,29.085714285714285,25.6,26.5,34.3,34.3,6.771428571428571,34.9,29.82857142857143,194,17,371948,211069,2019,18,349.4,2942
2019-W19,32.0,29.457142857142856,22.9,25.900000000000002,34.7,34.7,6.228571428571429,52.6,33.471428571428575,287,21,371948,211069,2019,19,381.4,3229
2019-W20,18.4,29.02857142857143,22.8,26.142857142857142,33.1,33.1,7.085714285714286,41.0,33.0,309,21,371948,211069,2019,20,399.79999999999995,3538
2019-W21,6.0,29.271428571428572,26.1,27.057142857142857,33.5,33.5,8.4,35.6,33.214285714285715,378,36,371948,211069,2019,21,405.79999999999995,3916
2019-W22,19.0,29.114285714285717,25.2,26.82857142857143,33.0,33.0,9.457142857142857,43.9,33.72857142857143,401,25,387962,262054,2019,22,424.79999999999995,4317
2019-W23,53.0,27.728571428571428,24.2,25.657142857142855,32.6,32.6,7.485714285714286,37.8,29.814285714285713,400,24,387962,262054,2019,23,477.79999999999995,4717
2019-W24,26.0,28.957142857142856,23.6,26.614285714285717,33.0,33.0,9.442857142857141,36.7,31.842857142857145,467,42,387962,262054,2019,24,503.79999999999995,5184
2019-W25,62.2,28.0,23.3,25.37142857142857,32.4,32.4,7.614285714285714,57.6,33.98571428571429,433,44,387962,262054,2019,25,566.0,5617
2019-W26,19.0,28.985714285714288,23.9,26.585714285714285,32.5,32.5,11.828571428571427,43.2,36.114285714285714,497,37,360519,147759,2019,26,585.0,6114
2019-W27,0.4,29.25714285714286,26.8,27.400000000000002,33.2,33.2,12.0,42.5,33.214285714285715,593,42,360519,147759,2019,27,585.4,6707
2019-W28,1.7999999999999998,29.057142857142857,24.8,26.900000000000002,32.9,32.9,13.185714285714285,42.1,35.52857142857143,663,47,360519,147759,2019,28,587.1999999999999,7370
2019-W29,2.6,28.814285714285713,23.9,26.585714285714285,32.7,32.7,13.214285714285714,44.6,37.285714285714285,646,43,360519,147759,2019,29,589.8,8016
2019-W30,7.3999999999999995,28.771428571428572,24.2,26.457142857142856,33.0,33.0,11.200000000000001,39.2,33.82857142857143,605,53,360519,147759,2019,30,597.1999999999999,8621
2019-W31,0.0,29.442857142857143,26.7,27.37142857142857,33.4,33.4,14.614285714285714,47.2,36.785714285714285,599,53,434026,203692,2019,31,597.1999999999999,9220
2019-W32,4.0,29.185714285714287,27.2,27.5,32.9,32.9,16.04285714285714,40.7,37.728571428571435,523,47,434026,203692,2019,32,601.1999999999999,9743
2019-W33,0.0,29.585714285714285,27.2,27.571428571428573,33.3,33.3,16.257142857142856,42.5,38.800000000000004,524,41,434026,203692,2019,33,601.1999999999999,10267
2019-W34,3.8,29.32857142857143,25.7,27.142857142857142,34.0,34.0,15.628571428571428,44.3,38.871428571428574,474,30,434026,203692,2019,34,604.9999999999999,10741
2019-W35,4.0,28.25714285714286,24.5,26.057142857142857,33.2,33.2,11.828571428571427,43.6,34.67142857142857,414,33,292709,169780,2019,35,608.9999999999999,11155
2019-W36,0.0,29.442857142857143,24.7,26.885714285714283,33.8,33.8,16.04285714285714,42.5,38.17142857142857,327,32,292709,169780,2019,36,608.9999999999999,11482
2019-W37,0.0,29.2,27.0,27.142857142857142,33.8,33.8,13.971428571428572,41.0,33.68571428571429,317,34,292709,169780,2019,37,608.9999999999999,11799
2019-W38,0.0,29.24285714285714,26.4,27.0,33.9,33.9,15.814285714285715,46.1,37.34285714285714,301,25,292709,169780,2019,38,608.9999999999999,12100
2019-W39,21.4,28.442857142857143,22.9,25.52857142857143,34.3,34.3,8.885714285714284,47.2,34.614285714285714,261,22,292709,169780,2019,39,630.3999999999999,12361
2019-W40,16.0,27.67142857142857,22.9,24.62857142857143,33.9,33.9,8.957142857142857,51.8,37.028571428571425,246,21,382620,218765,2019,40,646.3999999999999,12607
2019-W41,12.6,28.32857142857143,23.6,25.285714285714285,33.8,33.8,7.928571428571429,38.2,34.55714285714286,227,24,382620,218765,2019,41,658.9999999999999,12834
2019-W42,8.0,28.87142857142857,26.0,26.357142857142858,34.4,34.4,8.7,48.6,38.214285714285715,239,22,382620,218765,2019,42,666.9999999999999,13073
2019-W43,126.4,27.771428571428572,23.1,24.857142857142858,33.3,33.3,6.371428571428572,36.4,30.400000000000002,242,18,382620,218765,2019,43,793.3999999999999,13315
2019-W44,30.0,28.099999999999998,22.9,25.32857142857143,33.4,33.4,6.628571428571428,45.4,31.17142857142857,308,29,383417,268243,2019,44,823.3999999999999,13623
2019-W45,5.3999999999999995,28.771428571428572,24.0,25.714285714285715,33.7,33.7,7.042857142857143,39.2,31.314285714285713,322,32,383417,268243,2019,45,828.7999999999998,13945
2019-W46,1.2,28.428571428571427,24.7,25.957142857142856,34.4,34.4,6.957142857142857,37.4,28.685714285714283,373,32,383417,268243,2019,46,829.9999999999999,14318
2019-W47,22.400000000000002,26.985714285714288,24.2,25.085714285714285,34.0,34.0,6.8999999999999995,33.5,29.17142857142857,331,30,383417,268243,2019,47,852.3999999999999,14649
2019-W48,93.60000000000001,27.714285714285715,24.0,25.099999999999998,33.0,33.0,7.357142857142857,34.9,30.5,295,19,344992,254356,2019,48,945.9999999999999,14944
2019-W49,62.800000000000004,27.47142857142857,23.9,25.285714285714285,31.9,31.9,12.0,42.8,36.385714285714286,281,21,344992,254356,2019,49,1008.7999999999998,15225
2019-W50,303.8,24.914285714285715,22.7,23.114285714285717,31.1,31.1,7.471428571428571,41.8,29.928571428571427,257,24,344992,254356,2019,50,1312.6,15482
2019-W51,52.099999999999994,26.5,23.2,24.457142857142856,31.1,31.1,7.6571428571428575,37.4,28.585714285714285,226,25,344992,254356,2019,51,1364.6999999999998,15708
2019-W52,2.8,27.542857142857144,24.7,25.228571428571428,31.7,31.7,11.314285714285715,37.1,32.6,290,20,344992,254356,2019,52,1367.4999999999998,15998
2020-W01,0.0,27.78,25.1,25.580000000000002,32.0,32.0,12.3,43.2,40.38,303,27,422026,189754,2020,1,0.0,303
2020-W02,18.2,27.157142857142855,23.8,24.75714285714286,32.3,32.3,9.828571428571427,40.7,36.214285714285715,343,35,422026,189754,2020,2,18.2,646
2020-W03,0.0,27.97142857142857,24.6,25.52857142857143,32.8,32.8,12.171428571428573,36.7,34.41428571428572,404,25,422026,189754,2020,3,18.2,1050
2020-W04,14.2,27.97142857142857,24.3,25.285714285714285,32.8,32.8,13.585714285714285,38.5,34.91428571428572,309,26,422026,189754,2020,4,32.4,1359
2020-W05,56.0,27.900000000000002,23.8,25.5,32.6,32.6,12.942857142857141,40.3,35.028571428571425,370,21,183242,105063,2020,5,88.4,1729
2020-W06,14.6,27.614285714285717,23.7,24.942857142857143,32.3,32.3,11.728571428571428,41.0,34.357142857142854,400,45,183242,105063,2020,6,103.0,2129
2020-W07,23.8,27.87142857142857,24.2,25.342857142857145,32.8,32.8,10.228571428571428,35.3,30.24285714285714,380,46,183242,105063,2020,7,126.8,2509
2020-W08,22.0,27.82857142857143,24.1,25.099999999999998,33.1,33.1,14.3,46.4,41.17142857142857,381,34,183242,105063,2020,8,148.8,2890
2020-W09,4.6,28.085714285714285,25.1,25.62857142857143,32.7,32.7,13.928571428571429,45.7,37.94285714285714,374,36,48000,41597,2020,9,153.4,3264
2020-W10,40.0,28.271428571428572,24.3,25.62857142857143,33.9,33.9,10.085714285714285,36.7,32.44285714285714,375,31,48000,41597,2020,10,193.4,3639
2020-W11,0.0,29.0,25.2,26.285714285714285,34.0,34.0,11.0,39.6,30.7,389,26,48000,41597,2020,11,193.4,4028
2020-W12,48.8,28.47142857142857,24.4,25.957142857142856,33.7,33.7,11.328571428571427,44.6,35.22857142857143,368,34,48000,41597,2020,12,242.2,4396
2020-W13,20.0,28.6,24.1,25.771428571428572,33.6,33.6,9.971428571428572,37.1,31.62857142857143,377,22,48000,41597,2020,13,262.2,4773
2020-W14,57.0,29.12857142857143,24.0,26.0,34.6,34.6,9.771428571428572,42.6,29.87142857142857,315,18,188,1309,2020,14,319.2,5088
2020-W15,27.6,28.52857142857143,23.8,25.542857142857144,33.2,33.2,8.285714285714286,37.0,29.614285714285717,343,18,188,1309,2020,15,346.8,5431
2020-W16,0.0,29.585714285714285,26.4,26.842857142857145,33.9,33.9,10.014285714285716,37.0,27.5,360,27,188,1309,2020,16,346.8,5791
2020-W17,11.0,28.857142857142858,25.1,26.542857142857144,34.3,34.3,7.714285714285714,33.3,29.357142857142858,400,22,188,1309,2020,17,357.8,6191
2020-W18,115.8,27.8,24.4,25.12857142857143,33.1,33.1,5.828571428571428,35.2,29.085714285714285,390,23,220,1566,2020,18,473.6,6581
2020-W19,105.19999999999999,29.0,23.6,26.014285714285712,34.5,34.5,7.8,42.6,31.485714285714288,507,30,220,1566,2020,19,578.8,7088
2020-W20,72.0,29.12857142857143,24.6,26.17142857142857,32.8,32.8,9.128571428571428,46.3,35.98571428571429,526,31,220,1566,2020,20,650.8,7614
2020-W21,31.799999999999997,28.857142857142858,24.9,26.142857142857142,34.0,34.0,6.171428571428572,33.3,26.97142857142857,619,34,220,1566,2020,21,682.5999999999999,8233
2020-W22,23.2,29.17142857142857,23.8,26.285714285714285,33.5,33.5,7.242857142857142,37.0,31.47142857142857,732,52,434,1706,2020,22,705.8,8965
2020-W23,100.4,28.114285714285717,24.0,25.085714285714285,33.0,33.0,7.085714285714286,35.2,33.31428571428571,868,64,434,1706,2020,23,806.1999999999999,9833
2020-W24,32.0,28.585714285714285,24.2,25.62857142857143,33.0,33.0,7.742857142857143,50.0,34.114285714285714,1153,77,434,1706,2020,24,838.1999999999999,10986
2020-W25,48.599999999999994,27.642857142857142,23.7,25.52857142857143,32.3,32.3,6.228571428571429,37.0,29.099999999999998,1371,82,434,1706,2020,25,886.8,12357
2020-W26,44.4,27.885714285714283,23.7,25.685714285714287,32.0,32.0,9.414285714285715,42.6,34.65714285714286,1460,72,434,1706,2020,26,931.1999999999999,13817
2020-W27,10.4,28.842857142857145,24.6,26.5,32.4,32.4,11.428571428571429,35.2,32.785714285714285,1448,66,1711,2576,2020,27,941.5999999999999,15265
2020-W28,23.200000000000003,27.657142857142855,24.5,25.571428571428573,32.1,32.1,7.685714285714285,37.0,31.47142857142857,1667,79,1711,2576,2020,28,964.8,16932
2020-W29,17.2,27.74285714285714,24.9,25.8,32.2,32.2,7.6000000000000005,35.2,29.900000000000002,1729,100,1711,2576,2020,29,982.0,18661
2020-W30,54.6,28.071428571428573,23.7,25.12857142857143,32.5,32.5,9.171428571428573,53.7,37.81428571428571,1792,78,1711,2576,2020,30,1036.6,20453
2020-W31,43.8,27.942857142857143,23.9,25.228571428571428,31.7,31.7,8.9,42.6,30.157142857142855,1378,80,1782,2616,2020,31,1080.3999999999999,21831
2020-W32,4.8,29.114285714285717,24.1,26.885714285714283,32.9,32.9,10.314285714285715,44.4,31.214285714285715,1667,69,1782,2616,2020,32,1085.1999999999998,23498
2020-W33,48.400000000000006,28.185714285714287,22.5,25.67142857142857,33.0,33.0,8.371428571428572,40.7,32.27142857142857,1339,59,1782,2616,2020,33,1133.6,24837
2020-W34,37.599999999999994,27.67142857142857,23.0,25.214285714285715,33.0,33.0,8.357142857142858,48.2,37.042857142857144,1287,55,1782,2616,2020,34,1171.1999999999998,26124
2020-W35,12.6,27.928571428571427,24.0,25.357142857142858,32.4,32.4,9.200000000000001,51.9,32.271428571428565,1154,47,1782,2616,2020,35,1183.7999999999997,27278
2020-W36,60.6,27.585714285714285,22.8,25.47142857142857,32.2,32.2,8.014285714285714,40.7,31.72857142857143,938,39,2375,4113,2020,36,1244.3999999999996,28216
2020-W37,28.4,27.400000000000002,22.7,25.057142857142857,32.2,32.2,7.985714285714286,57.4,37.82857142857143,725,34,2375,4113,2020,37,1272.7999999999997,28941
2020-W38,23.6,27.75714285714286,21.9,24.62857142857143,33.2,33.2,8.942857142857143,46.3,37.01428571428571,671,33,2375,4113,2020,38,1296.3999999999996,29612
2020-W39,35.0,27.457142857142856,23.6,24.62857142857143,32.9,32.9,7.185714285714285,55.6,34.142857142857146,591,29,2375,4113,2020,39,1331.3999999999996,30203
2020-W40,7.4,27.842857142857145,24.4,25.62857142857143,32.6,32.6,7.571428571428571,44.4,33.31428571428571,605,23,3350,4128,2020,40,1338.7999999999997,30808
2020-W41,27.0,28.2,23.2,25.557142857142857,33.2,33.2,7.214285714285714,42.6,31.22857142857143,529,28,3350,4128,2020,41,1365.7999999999997,31337
2020-W42,6.4,28.814285714285713,24.6,25.914285714285715,33.6,33.6,8.914285714285715,42.6,34.65714285714286,592,26,3350,4128,2020,42,1372.1999999999998,31929
2020-W43,21.8,28.25714285714286,22.2,25.457142857142856,33.7,33.7,6.7,44.4,28.014285714285712,565,19,3350,4128,2020,43,1393.9999999999998,32494
2020-W44,18.8,28.114285714285717,24.5,25.37142857142857,34.1,34.1,6.514285714285714,35.2,29.37142857142857,440,17,2950,5640,2020,44,1412.7999999999997,32934
2020-W45,117.80000000000001,27.014285714285712,23.3,24.614285714285717,32.7,32.7,6.042857142857143,40.7,30.171428571428574,408,16,2950,5640,2020,45,1530.5999999999997,33342
2020-W46,38.4,27.914285714285715,24.4,25.571428571428573,33.3,33.3,8.385714285714286,38.9,29.37142857142857,355,22,2950,5640,2020,46,1568.9999999999998,33697
2020-W47,35.4,27.357142857142858,23.8,25.0,33.4,33.4,6.614285714285714,38.9,29.357142857142858,258,15,2950,5640,2020,47,1604.3999999999999,33955
2020-W48,17.200000000000003,26.614285714285717,23.7,24.785714285714285,31.0,31.0,6.1000000000000005,29.6,22.75714285714286,279,12,2950,5640,2020,48,1621.6,34234
2020-W49,34.6,27.357142857142858,24.3,24.842857142857145,33.5,33.5,11.771428571428572,37.0,20.62857142857143,228,12,6042,12793,2020,49,1656.1999999999998,34462
2020-W50,142.0,27.185714285714287,23.0,23.914285714285715,32.8,32.8,11.1,42.6,29.099999999999998,227,10,6042,12793,2020,50,1798.1999999999998,34689
2020-W51,54.4,26.457142857142856,23.0,24.157142857142855,31.9,31.9,6.328571428571428,31.5,29.114285714285717,236,9,6042,12793,2020,51,1852.6,34925
2020-W52,384.6,27.485714285714288,23.9,24.728571428571428,32.7,32.7,7.8,31.5,28.314285714285713,196,8,6042,12793,2020,52,2237.2,35121
2021-W01,280.6,25.314285714285713,22.9,23.685714285714287,31.6,31.6,7.428571428571429,37.0,29.071428571428573,194,11,5842,9799,2021,1,280.6,194
2021-W02,17.4,26.214285714285715,23.3,24.228571428571428,30.5,30.5,11.985714285714286,42.6,30.157142857142855,166,7,5842,9799,2021,2,298.0,360
2021-W03,32.4,26.414285714285715,23.0,23.985714285714288,31.2,31.2,11.157142857142857,48.2,34.94285714285714,152,11,5842,9799,2021,3,330.4,512
2021-W04,11.8,26.885714285714283,23.1,24.357142857142858,31.6,31.6,11.357142857142858,40.7,34.128571428571426,135,8,5842,9799,2021,4,342.2,647
2021-W05,0.0,27.071428571428573,23.7,24.785714285714285,32.7,32.7,12.942857142857141,40.7,37.300000000000004,141,9,4535,10838,2021,5,342.2,788
2021-W06,1.0,27.514285714285712,24.7,25.185714285714287,32.2,32.2,13.442857142857141,37.0,34.9,143,11,4535,10838,2021,6,343.2,931
2021-W07,0.0,27.0,24.1,24.7,31.9,31.9,15.685714285714285,42.6,38.885714285714286,148,13,4535,10838,2021,7,343.2,1079
2021-W08,0.0,27.5,24.0,24.542857142857144,33.7,33.7,10.857142857142858,37.0,30.942857142857143,146,9,4535,10838,2021,8,343.2,1225
2021-W09,36.4,28.24285714285714,23.0,25.285714285714285,34.2,34.2,12.457142857142857,40.7,35.714285714285715,140,12,5440,11302,2021,9,379.59999999999997,1365
2021-W10,15.8,27.857142857142858,23.7,24.642857142857142,33.3,33.3,10.885714285714286,40.7,34.371428571428574,145,11,5440,11302,2021,10,395.4,1510
2021-W11,22.0,28.12857142857143,24.0,25.428571428571427,33.5,33.5,9.4,35.2,30.67142857142857,129,10,5440,11302,2021,11,417.4,1639
2021-W12,54.0,27.47142857142857,24.1,24.957142857142856,33.5,33.5,8.3,48.2,34.142857142857146,120,8,5440,11302,2021,12,471.4,1759
2021-W13,109.6,28.214285714285715,23.3,24.957142857142856,34.7,34.7,6.328571428571428,37.0,30.942857142857147,113,9,5440,11302,2021,13,581.0,1872
2021-W14,67.0,28.47142857142857,24.5,25.414285714285715,33.3,33.3,8.171428571428573,42.6,33.34285714285714,102,8,6434,12708,2021,14,648.0,1974
2021-W15,114.8,27.728571428571428,23.1,24.442857142857143,32.7,32.7,6.185714285714285,31.5,25.928571428571427,112,9,6434,12708,2021,15,762.8,2086
2021-W16,42.8,28.285714285714285,23.5,25.514285714285712,33.1,33.1,6.185714285714285,35.2,28.571428571428573,129,11,6434,12708,2021,16,805.5999999999999,2215
2021-W17,10.600000000000001,28.557142857142857,25.1,25.814285714285713,33.4,33.4,7.742857142857143,38.9,31.74285714285714,84,13,6434,12708,2021,17,816.1999999999999,2299
2021-W18,30.2,28.428571428571427,24.3,26.099999999999998,33.5,33.5,6.028571428571429,35.2,29.099999999999998,117,10,2838,9717,2021,18,846.4,2416
2021-W19,95.19999999999999,28.814285714285713,24.7,25.62857142857143,33.6,33.6,6.971428571428571,38.9,31.47142857142857,92,11,2838,9717,2021,19,941.5999999999999,2508
2021-W20,84.2,28.085714285714285,22.9,24.97142857142857,32.6,32.6,6.085714285714286,35.2,26.985714285714288,119,8,2838,9717,2021,20,1025.8,2627
2021-W21,36.0,29.342857142857145,24.7,27.0,33.5,33.5,8.77142857142857,40.7,32.528571428571425,130,13,2838,9717,2021,21,1061.8,2757
2021-W22,2.1999999999999997,29.52857142857143,26.6,27.271428571428572,33.7,33.7,8.528571428571428,46.3,35.971428571428575,118,12,2838,9717,2021,22,1064.0,2875
2021-W23,23.2,28.75714285714286,23.6,25.614285714285717,32.9,32.9,7.871428571428572,46.3,35.97142857142857,137,11,2507,12563,2021,23,1087.2,3012
2021-W24,27.200000000000003,27.985714285714288,23.4,25.057142857142857,33.0,33.0,6.042857142857143,42.6,33.32857142857143,135,11,2507,12563,2021,24,1114.4,3147
2021-W25,25.2,28.12857142857143,24.0,25.042857142857144,33.6,33.6,5.714285714285714,33.3,29.357142857142858,127,8,2507,12563,2021,25,1139.6000000000001,3274
2021-W26,46.2,28.12857142857143,23.5,25.17142857142857,33.0,33.0,6.828571428571428,51.9,34.128571428571426,112,11,2507,12563,2021,26,1185.8000000000002,3386
2021-W27,34.6,28.057142857142857,23.4,25.785714285714285,32.5,32.5,7.128571428571428,51.9,36.51428571428571,104,10,4629,13054,2021,27,1220.4,3490
2021-W28,118.60000000000001,27.928571428571427,23.2,25.571428571428573,32.8,32.8,9.271428571428572,37.0,33.58571428571428,75,12,4629,13054,2021,28,1339.0,3565
2021-W29,2.4000000000000004,29.385714285714283,25.9,26.942857142857143,33.2,33.2,9.714285714285714,46.3,33.58571428571428,80,15,4629,13054,2021,29,1341.4,3645
2021-W30,30.0,29.271428571428572,23.1,26.428571428571427,33.4,33.4,9.957142857142857,44.4,36.75714285714286,82,5,4629,13054,2021,30,1371.4,3727
2021-W31,11.0,28.271428571428572,23.2,25.47142857142857,32.9,32.9,8.528571428571428,50.0,35.42857142857143,70,11,3177,11522,2021,31,1382.4,3797
2021-W32,28.4,28.37142857142857,23.6,25.271428571428572,32.6,32.6,8.085714285714285,57.4,41.51428571428572,81,11,3177,11522,2021,32,1410.8000000000002,3878
2021-W33,125.2,26.857142857142858,21.9,24.342857142857145,32.3,32.3,6.700000000000001,55.6,31.5,56,8,3177,11522,2021,33,1536.0000000000002,3934
2021-W34,50.0,27.142857142857142,23.7,24.62857142857143,31.8,31.8,8.671428571428573,51.9,34.91428571428572,53,8,3177,11522,2021,34,1586.0000000000002,3987
2021-W35,127.6,27.442857142857143,22.9,24.7,32.3,32.3,8.428571428571429,42.6,35.17142857142857,46,9,3177,11522,2021,35,1713.6000000000001,4033
2021-W36,46.4,28.357142857142858,22.5,25.042857142857144,32.9,32.9,7.771428571428571,50.0,33.34285714285714,61,12,4752,18804,2021,36,1760.0000000000002,4094
2021-W37,3.8,28.47142857142857,25.4,26.514285714285712,32.8,32.8,9.814285714285715,44.4,34.65714285714286,74,11,4752,18804,2021,37,1763.8000000000002,4168
2021-W38,32.4,28.957142857142856,23.5,25.900000000000002,33.3,33.3,8.328571428571427,44.4,35.714285714285715,110,14,4752,18804,2021,38,1796.2000000000003,4278
2021-W39,113.8,27.314285714285713,23.4,24.542857142857144,33.0,33.0,6.042857142857143,44.4,30.157142857142855,105,11,4752,18804,2021,39,1910.0000000000002,4383
2021-W40,35.4,29.2,23.2,26.099999999999998,33.8,33.8,8.571428571428571,40.7,33.6,104,11,6002,19162,2021,40,1945.4000000000003,4487
2021-W41,7.2,29.428571428571427,25.6,27.071428571428573,33.2,33.2,8.142857142857142,38.9,32.028571428571425,85,10,6002,19162,2021,41,1952.6000000000004,4572
2021-W42,46.4,27.52857142857143,23.5,25.157142857142855,33.3,33.3,6.242857142857143,40.7,30.400000000000002,76,10,6002,19162,2021,42,1999.0000000000005,4648
2021-W43,28.0,28.25714285714286,24.7,25.557142857142857,33.1,33.1,6.814285714285714,38.9,31.742857142857144,75,8,6002,19162,2021,43,2027.0000000000005,4723
2021-W44,108.4,26.985714285714288,24.1,24.585714285714285,32.7,32.7,5.114285714285715,35.2,27.5,59,10,8236,21958,2021,44,2135.4000000000005,4782
2021-W45,45.4,27.400000000000002,23.6,24.714285714285715,33.4,33.4,6.057142857142857,38.9,29.885714285714283,42,9,8236,21958,2021,45,2180.8000000000006,4824
2021-W46,68.4,27.74285714285714,23.4,24.985714285714288,33.2,33.2,5.757142857142857,44.4,32.528571428571425,56,6,8236,21958,2021,46,2249.2000000000007,4880
2021-W47,90.2,27.585714285714285,22.8,24.385714285714283,33.0,33.0,5.457142857142857,44.4,27.785714285714285,63,8,8236,21958,2021,47,2339.4000000000005,4943
2021-W48,14.599999999999998,28.214285714285715,22.9,25.542857142857144,33.9,33.9,7.514285714285713,40.7,33.32857142857143,48,9,8236,21958,2021,48,2354.0000000000005,4991
2021-W49,14.6,27.599999999999998,25.1,25.642857142857142,32.0,32.0,9.585714285714285,44.4,34.91428571428572,65,7,23199,43224,2021,49,2368.6000000000004,5056
2021-W50,72.2,27.728571428571428,23.9,25.25714285714286,33.3,33.3,7.514285714285714,44.4,34.385714285714286,61,6,23199,43224,2021,50,2440.8,5117
2021-W51,10.600000000000001,27.785714285714285,24.9,25.785714285714285,32.4,32.4,8.485714285714286,35.2,28.042857142857144,68,4,23199,43224,2021,51,2451.4,5185
2021-W52,82.8,26.914285714285715,23.2,24.728571428571428,32.5,32.5,7.985714285714286,35.2,29.62857142857143,79,3,23199,43224,2021,52,2534.2000000000003,5264
2022-W01,11.8,27.428571428571427,23.5,25.014285714285712,32.3,32.3,8.814285714285715,38.9,29.357142857142858,106,12,11435,23631,2022,1,11.8,106
2022-W02,0.0,27.557142857142857,24.2,25.057142857142857,31.9,31.9,11.842857142857143,38.9,36.24285714285715,146,10,11435,23631,2022,2,11.8,252
2022-W03,9.0,27.514285714285712,24.1,25.12857142857143,32.6,32.6,10.942857142857141,42.6,34.91428571428572,180,12,11435,23631,2022,3,20.8,432
2022-W04,3.8,27.87142857142857,24.7,24.87142857142857,33.1,33.1,9.885714285714286,35.2,30.685714285714287,171,13,11435,23631,2022,4,24.6,603
2022-W05,21.6,28.057142857142857,24.2,25.442857142857143,33.6,33.6,11.314285714285715,46.3,34.91428571428572,154,13,11435,23631,2022,5,46.2,757
2022-W06,76.0,26.342857142857145,23.3,24.071428571428573,32.2,32.2,7.2,31.5,27.785714285714285,169,16,16941,28034,2022,6,122.2,926
2022-W07,34.8,27.62857142857143,22.6,25.0,32.9,32.9,8.985714285714286,35.2,30.400000000000002,206,14,16941,28034,2022,7,157.0,1132
2022-W08,42.6,27.17142857142857,23.2,24.599999999999998,32.6,32.6,9.214285714285714,35.2,30.95714285714286,201,14,16941,28034,2022,8,199.6,1333
2022-W09,24.0,27.614285714285717,23.4,24.842857142857145,33.7,33.7,8.442857142857143,37.0,31.47142857142857,263,18,16941,28034,2022,9,223.6,1596
2022-W10,6.4,28.114285714285717,24.7,25.485714285714288,33.8,33.8,9.542857142857143,40.7,31.457142857142856,369,22,30302,38788,2022,10,230.0,1965
2022-W11,40.6,28.0,23.8,25.32857142857143,33.5,33.5,7.357142857142857,38.9,30.428571428571427,421,23,30302,38788,2022,11,270.6,2386
2022-W12,54.0,28.5,23.0,25.014285714285712,34.2,34.2,7.557142857142857,37.0,29.885714285714283,441,23,30302,38788,2022,12,324.6,2827
2022-W13,49.800000000000004,28.17142857142857,24.0,24.914285714285715,34.0,34.0,6.171428571428572,48.2,32.01428571428571,510,28,30302,38788,2022,13,374.40000000000003,3337
2022-W14,21.4,27.342857142857145,23.5,24.842857142857145,33.3,33.3,6.071428571428571,40.7,30.157142857142855,643,29,73774,57892,2022,14,395.8,3980
2022-W15,105.19999999999999,28.400000000000002,23.6,24.714285714285715,33.1,33.1,6.057142857142857,57.4,33.6,734,45,73774,57892,2022,15,501.0,4714
2022-W16,52.4,28.37142857142857,23.1,25.099999999999998,33.5,33.5,6.857142857142857,40.7,32.528571428571425,942,55,73774,57892,2022,16,553.4,5656
2022-W17,49.0,28.442857142857143,24.9,25.900000000000002,33.3,33.3,5.771428571428571,29.6,25.385714285714283,1003,74,73774,57892,2022,17,602.4,6659
2022-W18,11.2,28.7,24.7,25.87142857142857,33.3,33.3,8.185714285714285,44.4,33.042857142857144,846,60,83692,69154,2022,18,613.6,7505
2022-W19,11.4,29.485714285714288,25.0,26.585714285714285,34.8,34.8,9.242857142857144,38.9,32.785714285714285,1315,70,83692,69154,2022,19,625.0,8820
2022-W20,29.799999999999997,28.942857142857143,23.5,26.085714285714285,33.5,33.5,7.057142857142857,51.9,33.32857142857143,1276,100,83692,69154,2022,20,654.8,10096
2022-W21,49.6,29.314285714285713,23.8,25.857142857142858,35.4,35.4,6.885714285714286,33.3,29.099999999999998,1567,78,83692,69154,2022,21,704.4,11663
2022-W22,73.4,28.814285714285713,23.6,25.814285714285713,34.5,34.5,6.728571428571429,42.6,30.942857142857143,1454,78,83692,69154,2022,22,777.8,13117
2022-W23,75.4,27.814285714285713,22.9,24.728571428571428,33.6,33.6,5.671428571428572,38.9,29.085714285714285,1460,91,135933,119020,2022,23,853.1999999999999,14577
2022-W24,7.800000000000001,27.900000000000002,23.9,25.5,31.9,31.9,5.742857142857143,37.0,28.02857142857143,1254,87,135933,119020,2022,24,860.9999999999999,15831
2022-W25,44.2,27.542857142857144,23.5,25.385714285714283,31.9,31.9,6.685714285714285,35.2,30.414285714285715,1172,88,135933,119020,2022,25,905.1999999999999,17003
2022-W26,14.8,28.62857142857143,23.9,25.985714285714288,32.4,32.4,7.742857142857143,44.4,35.68571428571429,1187,83,135933,119020,2022,26,919.9999999999999,18190
2022-W27,25.6,28.542857142857144,24.4,25.8,32.5,32.5,7.171428571428572,42.6,31.485714285714288,1164,82,181685,105543,2022,27,945.5999999999999,19354
2022-W28,28.400000000000002,29.071428571428573,23.6,26.457142857142856,32.9,32.9,9.357142857142858,38.9,30.685714285714287,918,72,181685,105543,2022,28,973.9999999999999,20272
2022-W29,42.2,28.442857142857143,22.2,25.5,32.9,32.9,8.557142857142857,42.6,32.25714285714285,1036,65,181685,105543,2022,29,1016.1999999999999,21308
2022-W30,45.2,28.17142857142857,23.9,25.142857142857142,32.4,32.4,9.785714285714286,48.2,37.58571428571429,1092,64,181685,105543,2022,30,1061.3999999999999,22400
2022-W31,17.2,27.842857142857145,24.2,25.67142857142857,32.2,32.2,7.3428571428571425,33.3,28.557142857142857,896,62,145749,87838,2022,31,1078.6,23296
2022-W32,32.4,29.25714285714286,24.0,26.842857142857145,33.2,33.2,11.042857142857143,44.4,35.17142857142857,879,50,145749,87838,2022,32,1111.0,24175
2022-W33,29.4,28.385714285714283,24.0,26.042857142857144,32.6,32.6,9.314285714285715,53.7,36.75714285714286,679,52,145749,87838,2022,33,1140.4,24854
2022-W34,54.6,27.357142857142858,23.7,24.771428571428572,31.9,31.9,7.542857142857143,38.9,31.75714285714286,662,46,145749,87838,2022,34,1195.0,25516
2022-W35,10.799999999999999,27.828571428571426,24.7,25.842857142857145,32.5,32.5,6.671428571428571,35.2,31.742857142857144,581,51,145749,87838,2022,35,1205.8,26097
2022-W36,9.4,27.885714285714283,24.8,25.614285714285717,32.4,32.4,7.685714285714285,42.6,31.214285714285715,570,40,195554,136038,2022,36,1215.2,26667
2022-W37,27.400000000000002,27.67142857142857,23.5,25.400000000000002,31.9,31.9,8.171428571428573,51.9,35.714285714285715,544,44,195554,136038,2022,37,1242.6000000000001,27211
2022-W38,51.0,27.771428571428572,22.7,24.714285714285715,32.0,32.0,6.785714285714286,42.6,32.528571428571425,472,35,195554,136038,2022,38,1293.6000000000001,27683
2022-W39,58.400000000000006,28.17142857142857,22.4,24.82857142857143,32.9,32.9,6.914285714285714,42.4,30.771428571428572,426,34,195554,136038,2022,39,1352.0000000000002,28109
2022-W40,42.0,26.928571428571427,23.8,24.74285714285714,32.5,32.5,5.314285714285715,38.9,27.87142857142857,397,29,163367,113473,2022,40,1394.0000000000002,28506
2022-W41,43.4,27.842857142857145,23.5,24.785714285714285,33.4,33.4,6.514285714285714,40.4,31.414285714285715,376,40,163367,113473,2022,41,1437.4000000000003,28882
2022-W42,61.4,27.814285714285713,23.1,25.02857142857143,33.0,33.0,6.057142857142857,31.7,26.24285714285714,373,35,163367,113473,2022,42,1498.8000000000004,29255
2022-W43,85.8,27.614285714285717,23.1,24.571428571428573,34.6,34.6,6.171428571428572,37.8,29.714285714285715,314,34,163367,113473,2022,43,1584.6000000000004,29569
2022-W44,63.6,27.271428571428572,22.4,24.185714285714287,32.8,32.8,6.942857142857143,51.9,35.08571428571428,318,27,163367,113473,2022,44,1648.2000000000003,29887
2022-W45,132.8,26.557142857142857,23.1,24.271428571428572,31.9,31.9,6.6000000000000005,40.7,27.242857142857144,294,25,204085,185454,2022,45,1781.0000000000002,30181
2022-W46,42.8,27.571428571428573,23.5,24.442857142857143,33.3,33.3,6.771428571428571,40.7,32.01428571428571,315,24,204085,185454,2022,46,1823.8000000000002,30496
2022-W47,38.4,28.085714285714285,23.2,24.52857142857143,33.9,33.9,7.028571428571429,46.3,36.771428571428565,265,26,204085,185454,2022,47,1862.2000000000003,30761
2022-W48,96.8,27.057142857142857,22.8,24.12857142857143,32.9,32.9,6.8999999999999995,35.2,32.285714285714285,242,19,204085,185454,2022,48,1959.0000000000002,31003
2022-W49,65.6,26.8,23.9,24.8,32.7,32.7,6.357142857142857,35.2,26.97142857142857,327,27,232834,250220,2022,49,2024.6000000000001,31330
2022-W50,81.8,26.414285714285715,23.9,24.314285714285713,32.2,32.2,8.628571428571428,42.6,28.314285714285717,290,30,232834,250220,2022,50,2106.4,31620
2022-W51,10.200000000000001,26.685714285714287,23.4,24.442857142857143,31.7,31.7,10.214285714285714,40.7,34.114285714285714,270,20,232834,250220,2022,51,2116.6,31890
2022-W52,16.0,27.099999999999998,23.1,24.97142857142857,31.3,31.3,11.457142857142857,42.6,35.42857142857143,285,25,232834,250220,2022,52,2132.6,32175
